,cores,frequency,input,regions,total_time,start_time,stop_time,global_start,rapl_sample-sysfs_power,energy
0,1,1.2,1,2,29.396871662139894,1596637922.239774,1596637951.6366456,1596637922.239774,27.69407817808219,8.141192620023512
1,1,1.2,1,3,14.706726455688477,1596638553.3513794,1596638568.058106,1596637922.239774,27.6047570186362,4.059756103488292
2,1,1.2,1,1,601.7147339820862,1596637951.6366456,1596638553.3513794,1596637922.239774,27.305622889951973,164.30195613442615
3,1,1.4,1,2,25.20920352935791,1596634946.1249824,1596634971.334186,1596634946.1249824,28.7383675794741,7.244713574124635
4,1,1.4,1,3,12.508053493499755,1596635486.897178,1596635499.4052315,1596634946.1249824,28.69147260064516,3.588744740961522
5,1,1.4,1,1,515.5629916191101,1596634971.334186,1596635486.897178,1596634946.1249824,28.45231411816843,146.6896018524956
6,1,1.6,1,2,22.012185525894164,1596632365.7963665,1596632387.808552,1596632365.7963665,29.99019940639269,6.601498332920769
7,1,1.6,1,3,11.011274528503417,1596632837.542296,1596632848.553571,1596632365.7963665,29.89654357587404,3.291990487673143
8,1,1.6,1,1,449.7337441921234,1596632387.808552,1596632837.542296,1596632365.7963665,29.72599447402377,133.68782794637082
9,1,1.8,1,2,20.35627112388611,1596630086.3928013,1596630106.7490723,1596630086.3928013,31.701640076192223,6.4532718046282245
10,1,1.8,1,3,9.992194747924804,1596630505.9483325,1596630515.9405272,1596630086.3928013,31.62092518757047,3.1596244258376482
11,1,1.8,1,1,399.1992603778839,1596630106.7490723,1596630505.9483325,1596630086.3928013,31.290587496610463,124.91179385436358
12,1,2.0,1,2,17.584461307525636,1596628045.6388144,1596628063.2232757,1596628045.6388144,33.736248011428565,5.932337478180544
13,1,2.0,1,3,8.752914094924927,1596628422.1842709,1596628430.9371848,1596628045.6388144,33.54245826671891,2.9359425574119506
14,1,2.0,1,1,358.96099519729614,1596628063.2232757,1596628422.1842709,1596628045.6388144,32.93691122805768,118.23066433148583
15,1,2.2,1,2,15.982215785980225,1596626199.814504,1596626215.7967198,1596626199.814504,35.394479773584905,5.656822133739464
16,1,2.2,1,3,7.933273839950561,1596626541.8687909,1596626549.8020647,1596626199.814504,35.272766278481015,2.7982851397976374
17,1,2.2,1,1,326.0720710277557,1596626215.7967198,1596626541.8687909,1596626199.814504,35.00920773513537,114.15524871236515
18,10,1.2,1,2,29.04750289916992,1596606810.1129394,1596606839.1604419,1596606810.1129394,34.022423743944636,9.882664523390194
19,10,1.2,1,3,14.396507453918456,1596606902.604321,1596606917.0008285,1596606810.1129394,34.06646837975502,4.904381659578205
20,10,1.2,1,1,63.44387903213501,1596606839.1604419,1596606902.604321,1596606810.1129394,40.21889838176888,25.516429237386753
21,10,1.4,1,2,24.9491988658905,1596606300.5918036,1596606325.5410023,1596606300.5918036,35.68295899193548,8.902612400132139
22,10,1.4,1,3,12.323585891723633,1596606377.3082366,1596606389.6318228,1596606300.5918036,35.78784034588531,4.4103452438181
23,10,1.4,1,1,51.76723437309265,1596606325.5410023,1596606377.3082366,1596606300.5918036,43.390800668073396,22.462217478203005
24,10,1.6,1,2,21.79430170059204,1596605862.7480717,1596605884.5423732,1596605862.7480717,37.323504414746544,8.134397157383653
25,10,1.6,1,3,10.831025743484497,1596605929.8607953,1596605940.6918209,1596605862.7480717,37.40880818991524,4.051757645380457
26,10,1.6,1,1,45.31842212677002,1596605884.5423732,1596605929.8607953,1596605862.7480717,46.495612123649686,21.07107777262122
27,10,1.8,1,2,19.372367429733277,1596605473.4043782,1596605492.7767456,1596605473.4043782,41.573281274611396,8.053728801114222
28,10,1.8,1,3,9.614326000213623,1596605532.9743333,1596605542.5886593,1596605473.4043782,41.589568723921595,3.9985567192007068
29,10,1.8,1,1,40.19758768081665,1596605492.7767456,1596605532.9743333,1596605473.4043782,52.03993429035275,20.918798215403918
30,10,2.0,1,2,17.442529487609864,1596605122.7197948,1596605140.1623242,1596605122.7197948,44.057953884393065,7.684821597922816
31,10,2.0,1,3,8.661325168609618,1596605176.2529464,1596605184.9142718,1596605122.7197948,44.26742187581145,3.834145352424257
32,10,2.0,1,1,36.09062218666077,1596605140.1623242,1596605176.2529464,1596605122.7197948,56.8097144398738,20.502979403815722
33,10,2.2,1,2,15.861668062210082,1596604802.7688203,1596604818.6304886,1596604802.7688203,47.14828516455695,7.478504489826264
34,10,2.2,1,3,7.864509868621826,1596604851.4878197,1596604859.3523293,1596604802.7688203,47.22487642272801,3.7140050667099063
35,10,2.2,1,1,32.857331132888795,1596604818.6304886,1596604851.4878197,1596604802.7688203,62.09802134227389,20.403752499402888
36,12,1.2,1,2,29.045663022994994,1596604382.047874,1596604411.0935369,1596604382.047874,35.774330117647054,10.390891374705573
37,12,1.2,1,3,14.391006994247437,1596604461.5117164,1596604475.9027233,1596604382.047874,35.882881873934274,5.163908040215428
38,12,1.2,1,1,50.418179225921634,1596604411.0935369,1596604461.5117164,1596604382.047874,43.39915909163382,21.881065813362802
39,12,1.4,1,2,24.94411873817444,1596603926.2385337,1596603951.1826527,1596603926.2385337,37.71189333064516,9.406899450809815
40,12,1.4,1,3,12.370021295547485,1596603994.528094,1596604006.8981152,1596603926.2385337,37.827376825595096,4.679254568873108
41,12,1.4,1,1,43.34544153213501,1596603951.1826527,1596603994.528094,1596603926.2385337,47.10492733376658,20.417838736212477
42,12,1.6,1,2,21.79437460899353,1596603528.012609,1596603549.8069837,1596603528.012609,38.680599382488474,8.430194730423576
43,12,1.6,1,3,10.846709489822388,1596603587.5409677,1596603598.3876772,1596603528.012609,38.75985667289719,4.204169051980696
44,12,1.6,1,1,37.73398394584656,1596603549.8069837,1596603587.5409677,1596603528.012609,50.01623638123955,18.8731186064136
45,12,1.8,1,2,19.376162004470824,1596603173.3344297,1596603192.7105918,1596603173.3344297,43.44386356476684,8.417753385310498
46,12,1.8,1,3,9.594055700302125,1596603226.3726735,1596603235.9667294,1596603173.3344297,43.574750024052726,4.180585788575033
47,12,1.8,1,1,33.66208143234253,1596603192.7105918,1596603226.3726735,1596603173.3344297,56.60503084911543,19.05443157923185
48,12,2.0,1,2,17.445890522003175,1596602851.596965,1596602869.0428555,1596602851.596965,46.563354521626465,8.12339185321517
49,12,2.0,1,3,9.095478773117065,1596602899.2817159,1596602908.3771946,1596602851.596965,46.23344826138288,4.205153472694141
50,12,2.0,1,1,30.23886022567749,1596602869.0428555,1596602899.2817159,1596602851.596965,62.08786956747008,18.77466409560823
51,12,2.2,1,2,15.862953805923462,1596602558.1409247,1596602574.0038786,1596602558.1409247,49.91565067088608,7.918096607848784
52,12,2.2,1,3,7.85001573562622,1596602601.5448117,1596602609.3948274,1596602558.1409247,49.913323357692306,3.918203737752844
53,12,2.2,1,1,27.540932989120485,1596602574.0038786,1596602601.5448117,1596602558.1409247,68.00083501971467,18.728064404821993
54,14,1.2,1,2,29.046025466918945,1596602169.9326425,1596602198.978668,1596602169.9326425,37.387787494809686,10.859666277259958
55,14,1.2,1,3,14.346058034896851,1596602242.1917067,1596602256.5377643,1596602169.9326425,37.64539552664237,5.400630289718578
56,14,1.2,1,1,43.21303858757019,1596602198.978668,1596602242.1917067,1596602169.9326425,46.600514270755994,20.13749821382794
57,14,1.4,1,2,24.946766471862794,1596601739.560823,1596601764.5075898,1596601739.560823,39.23055876612903,9.786755880993107
58,14,1.4,1,3,13.529719638824464,1596601803.5172615,1596601817.0469809,1596601739.560823,39.08135205476598,5.287597364071801
59,14,1.4,1,1,39.00967173576355,1596601764.5075898,1596601803.5172615,1596601739.560823,49.91619399531635,19.472143420559824
60,14,1.6,1,2,21.7907235622406,1596601354.0844178,1596601375.8751416,1596601354.0844178,40.570494497695854,8.840604303826936
61,14,1.6,1,3,10.888619327545166,1596601409.7756748,1596601420.664294,1596601354.0844178,40.45319162365252,4.404794041741911
62,14,1.6,1,1,33.90053339004517,1596601375.8751416,1596601409.7756748,1596601354.0844178,53.30824684019856,18.07178001970921
63,14,1.8,1,2,19.37126693725586,1596601022.4179177,1596601041.7891846,1596601022.4179177,46.240810518134715,8.95743083941856
64,14,1.8,1,3,10.085387182235717,1596601070.57268,1596601080.6580672,1596601022.4179177,45.90698111469298,4.6298967890926175
65,14,1.8,1,1,28.78349542617798,1596601041.7891846,1596601070.57268,1596601022.4179177,61.66759479714913,17.750089327871386
66,14,2.0,1,2,17.44093861579895,1596600724.6994605,1596600742.1403987,1596600724.6994605,50.03538661271676,8.726641065301616
67,14,2.0,1,3,8.6157075881958,1596600768.107788,1596600776.7234957,1596600724.6994605,50.26655769580325,4.330819625722141
68,14,2.0,1,1,25.96738905906677,1596600742.1403987,1596600768.107788,1596600724.6994605,68.34569813205627,17.747593339086382
69,14,2.2,1,2,15.863191270828247,1596600450.9273925,1596600466.7905838,1596600450.9273925,52.871752721519,8.3871472624539
70,14,2.2,1,3,7.863807201385498,1596600491.6064522,1596600499.4702594,1596600450.9273925,53.21663385329439,4.184853485290317
71,14,2.2,1,1,24.815868186950684,1596600466.7905838,1596600491.6064522,1596600450.9273925,74.0085142898305,18.3658553532849
72,16,1.2,1,2,29.0367591381073,1596600080.6275303,1596600109.6642895,1596600080.6275303,38.937240228373696,11.30611266013909
73,16,1.2,1,3,14.574648714065551,1596600147.597053,1596600162.171702,1596600080.6275303,38.97567410926233,5.680567585363982
74,16,1.2,1,1,37.932763528823855,1596600109.6642895,1596600147.597053,1596600080.6275303,49.46766219515662,18.764451323726156
75,16,1.4,1,2,24.952925872802734,1596599681.4121447,1596599706.3650703,1596599681.4121447,40.68316225806451,10.151639320966897
76,16,1.4,1,3,12.379321908950805,1596599738.9820125,1596599751.3613346,1596599681.4121447,40.7937235350118,5.049986355046537
77,16,1.4,1,1,32.61694221496582,1596599706.3650703,1596599738.9820125,1596599681.4121447,53.51191294104278,17.453949722102738
78,16,1.6,1,2,21.801362228393554,1596599328.3105407,1596599350.1119027,1596599328.3105407,42.24852650691244,9.210754299930848
79,16,1.6,1,3,10.806033706665039,1596599379.8877234,1596599390.6937573,1596599328.3105407,42.21662651021115,4.561942890510306
80,16,1.6,1,1,29.775820779800416,1596599350.1119027,1596599379.8877234,1596599328.3105407,57.17453216971255,17.024186230542945
81,16,1.8,1,2,19.377374362945556,1596599014.5182037,1596599033.895578,1596599014.5182037,49.01168176165803,9.497177056531987
82,16,1.8,1,3,9.68526930809021,1596599059.1068764,1596599068.7921455,1596599014.5182037,48.97822396188862,4.743672893028483
83,16,1.8,1,1,25.211298179626464,1596599033.895578,1596599059.1068764,1596599014.5182037,66.81229369092753,16.8442465830675
84,16,2.0,1,2,17.44029517173767,1596598733.402099,1596598750.8423939,1596598733.402099,52.866352832369934,9.220047980497615
85,16,2.0,1,3,8.688314867019653,1596598773.5297985,1596598782.2181134,1596598733.402099,52.912869904838274,4.597236742508831
86,16,2.0,1,1,22.68740463256836,1596598750.8423939,1596598773.5297985,1596598733.402099,74.07290161510845,16.805218912503918
87,16,2.2,1,2,15.86298851966858,1596598472.529677,1596598488.3926654,1596598472.529677,56.127741898734165,8.903537253745412
88,16,2.2,1,3,9.176843357086181,1596598508.974823,1596598518.1516662,1596598472.529677,55.11964810929155,5.0582437659668
89,16,2.2,1,1,20.58215742111206,1596598488.3926654,1596598508.974823,1596598472.529677,81.41912973369364,16.757813452688282
90,18,1.2,1,2,29.044611024856568,1596598118.026896,1596598147.071507,1596598118.026896,38.262717314878884,11.113257411647016
91,18,1.2,1,3,14.389434432983398,1596598182.1021957,1596598196.49163,1596598118.026896,38.643518416569535,5.560583745150137
92,18,1.2,1,1,35.03068881034851,1596598147.071507,1596598182.1021957,1596598118.026896,48.91291326451957,17.134530433769527
93,18,1.4,1,2,24.959099531173706,1596597737.2370236,1596597762.1961231,1596597737.2370236,40.401101854838714,10.08375122364006
94,18,1.4,1,3,12.423189735412597,1596597791.079361,1596597803.5025506,1596597737.2370236,40.55673365553932,5.038439972513587
95,18,1.4,1,1,28.883237743377684,1596597762.1961231,1596597791.079361,1596597737.2370236,53.88995716091453,15.56516444659133
96,18,1.6,1,2,21.81225781440735,1596597396.4306593,1596597418.242917,1596597396.4306593,41.129126147465435,8.971191032097986
97,18,1.6,1,3,11.277586555480957,1596597444.7113743,1596597455.9889607,1596597396.4306593,41.200681948992354,4.646442568246031
98,18,1.6,1,1,26.46845712661743,1596597418.242917,1596597444.7113743,1596597396.4306593,57.48311646548761,15.214894036711152
99,18,1.8,1,2,19.378813171386717,1596597097.4940693,1596597116.8728824,1596597097.4940693,43.599272611398966,8.449021583446585
100,18,1.8,1,3,9.87595796585083,1596597140.1073277,1596597149.9832854,1596597097.4940693,44.35642396108832,4.380621785551668
101,18,1.8,1,1,23.234445428848268,1596597116.8728824,1596597140.1073277,1596597097.4940693,65.87992322846262,15.30683481108428
102,18,2.0,1,2,17.446229457855225,1596596823.3912067,1596596840.8374362,1596596823.3912067,45.79371870520231,7.989277242594364
103,18,2.0,1,3,8.707652187347412,1596596861.8859296,1596596870.593582,1596596823.3912067,46.24849440213065,4.027158034422375
104,18,2.0,1,1,21.048493576049804,1596596840.8374362,1596596861.8859296,1596596823.3912067,72.19204749160139,15.19533847868854
105,18,2.2,1,2,15.862381744384766,1596596576.97554,1596596592.837922,1596596576.97554,48.53969925316456,7.699552393113244
106,18,2.2,1,3,7.84673228263855,1596596611.1541295,1596596619.0008616,1596596576.97554,49.17020904043214,3.8582546662164474
107,18,2.2,1,1,18.31620764732361,1596596592.837922,1596596611.1541295,1596596576.97554,81.17999344976381,14.869096168342445
108,2,1.2,1,2,29.055966806411742,1596624440.6319366,1596624469.6879036,1596624440.6319366,28.42557121799308,8.259324537632999
109,2,1.2,1,3,14.414299154281617,1596624770.8131988,1596624785.2274978,1596624440.6319366,28.4239099752331,4.0971074151737925
110,2,1.2,1,1,301.1252953529358,1596624469.6879036,1596624770.8131988,1596624440.6319366,28.762978511444345,86.61260399488823
111,2,1.4,1,2,24.964829301834108,1596622838.1918235,1596622863.1566527,1596622838.1918235,29.638970088709677,7.39931828946804
112,2,1.4,1,3,12.821677303314209,1596623121.5514293,1596623134.3731065,1596622838.1918235,29.557954240043944,3.789825510119714
113,2,1.4,1,1,258.3947765827179,1596622863.1566527,1596623121.5514293,1596622838.1918235,30.141733246058674,77.8846642793121
114,2,1.6,1,2,21.815910005569457,1596621445.244777,1596621467.0606866,1596621445.244777,30.730354755760366,6.704106537908915
115,2,1.6,1,3,10.909759473800658,1596621692.5043895,1596621703.414149,1596621445.244777,30.559409823185128,3.3339581083225083
116,2,1.6,1,1,225.44370288848876,1596621467.0606866,1596621692.5043895,1596621445.244777,31.21951971349349,70.38244126610144
117,2,1.8,1,2,19.38939929008484,1596620215.615865,1596620235.0052643,1596620215.615865,32.666308984455966,6.333801082329026
118,2,1.8,1,3,9.618216133117675,1596620435.3658955,1596620444.9841118,1596620215.615865,32.64992381359649,3.1403402396899676
119,2,1.8,1,1,200.36063141822814,1596620235.0052643,1596620435.3658955,1596620215.615865,33.6993724885015,67.52027550194227
120,2,2.0,1,2,17.45322299003601,1596619111.9512124,1596619129.4044354,1596619111.9512124,34.95417579190751,6.1006302452908026
121,2,2.0,1,3,8.779126262664795,1596619309.5366044,1596619318.3157303,1596619111.9512124,34.66351439484186,3.0431536958001533
122,2,2.0,1,1,180.13216886520385,1596619129.4044354,1596619309.5366044,1596619111.9512124,35.71947889246134,64.34227203633931
123,2,2.2,1,2,15.871336936950684,1596618111.7768104,1596618127.648147,1596618111.7768104,36.89234618987342,5.855308567741099
124,2,2.2,1,3,7.910061693191528,1596618291.3121226,1596618299.2221844,1596618111.7768104,36.71152199492048,2.9039040383077874
125,2,2.2,1,1,163.6639753818512,1596618127.648147,1596618291.3121226,1596618111.7768104,37.985077682668134,62.16788818733903
126,20,1.2,1,2,29.23681836128235,1596596243.9419196,1596596273.178738,1596596243.9419196,38.94592196539793,11.386548464150158
127,20,1.2,1,3,14.399146699905396,1596596303.6680224,1596596318.0671692,1596596243.9419196,39.22185032530558,5.6476117667580725
128,20,1.2,1,1,30.489284563064576,1596596273.178738,1596596303.6680224,1596596243.9419196,50.04215745622209,15.257495788324391
129,20,1.4,1,2,24.955988597869872,1596595877.9739425,1596595902.9299312,1596595877.9739425,39.03250072580645,9.740946430595733
130,20,1.4,1,3,12.39706826210022,1596595929.3143613,1596595941.7114296,1596595877.9739425,39.19013609026698,4.858427923120372
131,20,1.4,1,1,26.384430360794067,1596595902.9299312,1596595929.3143613,1596595877.9739425,53.43938924751482,14.099678441244219
132,20,1.6,1,2,21.80532364845276,1596595558.1644244,1596595579.969748,1596595558.1644244,40.67336227649769,8.868958283098015
133,20,1.6,1,3,10.784191274642945,1596595602.7318554,1596595613.5160468,1596595558.1644244,40.8302914252797,4.4032167252963
134,20,1.6,1,1,22.76210746765137,1596595579.969748,1596595602.7318554,1596595558.1644244,58.08236438778215,13.22077020169984
135,20,1.8,1,2,19.382925367355348,1596595272.8646064,1596595292.247532,1596595272.8646064,44.23428904663213,8.573899232688946
136,20,1.8,1,3,9.665166473388672,1596595312.714779,1596595322.3799455,1596595272.8646064,44.63522917522483,4.314069205564029
137,20,1.8,1,1,20.467247200012206,1596595292.247532,1596595312.714779,1596595272.8646064,66.86904909925371,13.686253579441793
138,20,2.0,1,2,17.444081258773803,1596595012.5307565,1596595029.9748375,1596595012.5307565,48.752338473988445,8.504397538954988
139,20,2.0,1,3,8.799562168121337,1596595048.359942,1596595057.1595044,1596595012.5307565,48.785792491441434,4.29293613949506
140,20,2.0,1,1,18.385104370117187,1596595029.9748375,1596595048.359942,1596595012.5307565,73.68479391176103,13.54702626558302
141,20,2.2,1,2,15.86732234954834,1596594776.562782,1596594792.4301045,1596594776.562782,51.16753186075949,8.118917218654557
142,20,2.2,1,3,7.864309453964234,1596594808.9062304,1596594816.7705398,1596594776.562782,51.8476692586717,4.077461155169826
143,20,2.2,1,1,16.476125955581665,1596594792.4301045,1596594808.9062304,1596594776.562782,81.34125292997157,13.401887286590378
144,22,1.2,1,2,29.05197205543518,1596594454.004754,1596594483.056726,1596594454.004754,38.27198694809689,11.118766953220906
145,22,1.2,1,3,14.35977873802185,1596594511.6272576,1596594525.9870362,1596594454.004754,38.37706350621601,5.51086140564275
146,22,1.2,1,1,28.5705313205719,1596594483.056726,1596594511.6272576,1596594454.004754,49.28616113972889,14.081318105133779
147,22,1.4,1,2,24.948038005828856,1596594099.8662028,1596594124.8142407,1596594099.8662028,39.010648249999996,9.732391351730207
148,22,1.4,1,3,12.439282417297363,1596594148.5213933,1596594160.9606757,1596594099.8662028,39.129240401549794,4.867396721292
149,22,1.4,1,1,23.70715265274048,1596594124.8142407,1596594148.5213933,1596594099.8662028,53.47268059528911,12.676850016237527
150,22,1.6,1,2,21.80207028388977,1596593790.4642482,1596593812.2663188,1596593790.4642482,40.59811605529954,8.851229796311543
151,22,1.6,1,3,10.798919916152954,1596593833.0744548,1596593843.8733745,1596593790.4642482,40.76619360173196,4.402308599914904
152,22,1.6,1,1,20.80813612937927,1596593812.2663188,1596593833.0744548,1596593790.4642482,57.960714777368004,12.060544432435982
153,22,1.8,1,2,19.381500673294067,1596593515.0774992,1596593534.459,1596593515.0774992,45.87916191709844,8.89207007586411
154,22,1.8,1,3,9.613264036178588,1596593552.8394666,1596593562.4527304,1596593515.0774992,46.07142526361006,4.428967755821522
155,22,1.8,1,1,18.380466604232787,1596593534.459,1596593552.8394666,1596593515.0774992,67.1540988930523,12.343236720410939
156,22,2.0,1,2,17.443411302566528,1596593265.3820453,1596593282.8254566,1596593265.3820453,48.66340663583814,8.4885581733297
157,22,2.0,1,3,8.734178352355958,1596593299.352069,1596593308.0862472,1596593265.3820453,49.022443120359334,4.2817076148144375
158,22,2.0,1,1,16.526612281799316,1596593282.8254566,1596593299.352069,1596593265.3820453,74.03485114096742,12.235452801474962
159,22,2.2,1,2,15.863556718826294,1596593037.124253,1596593052.9878097,1596593037.124253,48.554642384664994,7.702493234314603
160,22,2.2,1,3,7.986442518234253,1596593068.0096874,1596593075.9961302,1596593037.124253,49.17353947131603,3.9272164640578864
161,22,2.2,1,1,15.021877813339234,1596593052.9878097,1596593068.0096874,1596593037.124253,81.09693041411973,12.18228179717781
162,24,1.2,1,2,29.047928619384766,1596592724.2111802,1596592753.2591085,1596592724.2111802,38.49369785467128,11.18162187578656
163,24,1.2,1,3,14.357715129852295,1596592779.106209,1596592793.463924,1596592724.2111802,38.52154633634421,5.530813886586355
164,24,1.2,1,1,25.84710040092468,1596592753.2591085,1596592779.106209,1596592724.2111802,49.17707332627029,12.71084751687743
165,24,1.4,1,2,24.95930151939392,1596592382.1921766,1596592407.1514783,1596592382.1921766,39.60095715949458,9.884122302004267
166,24,1.4,1,3,12.351804113388061,1596592428.9140468,1596592441.2658508,1596592382.1921766,39.73675345056385,4.908205947233618
167,24,1.4,1,1,21.762568473815918,1596592407.1514783,1596592428.9140468,1596592382.1921766,53.52579456326032,11.648587692983565
168,24,1.6,1,2,21.80366449356079,1596592082.1825511,1596592103.986215,1596592082.1825511,39.68200811059908,8.652131912742604
169,24,1.6,1,3,10.816242361068726,1596592123.0573206,1596592133.8735628,1596592082.1825511,39.95904363234795,4.322067004439955
170,24,1.6,1,1,19.071105194091796,1596592103.986215,1596592123.0573206,1596592082.1825511,57.74296923809523,11.012222405589206
171,24,1.8,1,2,19.3731409072876,1596591813.3563912,1596591832.7295322,1596591813.3563912,41.93282523386226,8.123705318962786
172,24,1.8,1,3,10.106989002227783,1596591849.618607,1596591859.725596,1596591813.3563912,42.43858029197349,4.289262642811368
173,24,1.8,1,1,16.88907480239868,1596591832.7295322,1596591849.618607,1596591813.3563912,66.27701722028132,11.19357501513197
174,24,2.0,1,2,17.44041018486023,1596591563.7980998,1596591581.2385097,1596591563.7980998,48.428267352601154,8.446088471714393
175,24,2.0,1,3,8.763310098648072,1596591598.2362595,1596591606.99957,1596591563.7980998,48.532063449780594,4.2530152173769125
176,24,2.0,1,1,16.997749853134156,1596591581.2385097,1596591598.2362595,1596591563.7980998,70.98359858464032,12.065614524170039
177,24,2.2,1,2,15.8680109500885,1596591337.8675945,1596591353.7356055,1596591337.8675945,51.088985227848106,8.106805770244033
178,24,2.2,1,3,7.903645324707031,1596591367.541533,1596591375.4451785,1596591337.8675945,51.65094869739532,4.082307791888513
179,24,2.2,1,1,13.805927562713624,1596591353.7356055,1596591367.541533,1596591337.8675945,81.21343643795619,11.212268205814702
180,26,1.2,1,2,29.045250797271727,1596591035.401719,1596591064.44697,1596591035.401719,38.35652748096886,11.140749603971855
181,26,1.2,1,3,14.358111810684203,1596591087.903405,1596591102.261517,1596591035.401719,38.43335171067488,5.518303611212209
182,26,1.2,1,1,23.456435203552246,1596591064.44697,1596591087.903405,1596591035.401719,49.09394667591064,11.515689790901469
183,26,1.4,1,2,24.957464504241944,1596590702.7618718,1596590727.7193363,1596590702.7618718,39.678720801521486,9.90280265977699
184,26,1.4,1,3,12.282274532318116,1596590747.8585997,1596590760.1408744,1596590702.7618718,39.95806038500302,4.90775867427552
185,26,1.4,1,1,20.139263343811034,1596590727.7193363,1596590747.8585997,1596590702.7618718,53.53213835509043,10.780978316904934
186,26,1.6,1,2,21.799890756607056,1596590410.5262713,1596590432.3261623,1596590410.5262713,40.933337124423964,8.923422776158104
187,26,1.6,1,3,10.830081272125245,1596590449.8758774,1596590460.7059586,1596590410.5262713,41.09899200370434,4.451054236025436
188,26,1.6,1,1,17.549714851379395,1596590432.3261623,1596590449.8758774,1596590410.5262713,57.858431661372585,10.153989774051103
189,26,1.8,1,2,19.380117464065552,1596590149.4729886,1596590168.853106,1596590149.4729886,43.852853443814766,8.498734508755817
190,26,1.8,1,3,9.687738132476806,1596590184.4819012,1596590194.169639,1596590149.4729886,45.20158862841541,4.379011538040299
191,26,1.8,1,1,15.62879500389099,1596590168.853106,1596590184.4819012,1596590149.4729886,66.36494353945409,10.37204098022928
192,26,2.0,1,2,17.44314193725586,1596589910.820432,1596589928.2635736,1596589910.820432,46.1728914566474,8.05400299331809
193,26,2.0,1,3,10.436569690704346,1596589942.2748063,1596589952.7113757,1596589910.820432,46.39782467834317,4.842341307526104
194,26,2.0,1,1,14.01123218536377,1596589928.2635736,1596589942.2748063,1596589910.820432,73.44625075806782,10.290724725157382
195,26,2.2,1,2,15.861642980575562,1596589686.9613311,1596589702.822974,1596589686.9613311,50.9238040515198,8.077351990779945
196,26,2.2,1,3,7.916996908187866,1596589715.5634294,1596589723.480426,1596589686.9613311,51.27791567967351,4.059670998942933
197,26,2.2,1,1,12.740455293655396,1596589702.822974,1596589715.5634294,1596589686.9613311,81.03633283203271,10.324397756082917
198,28,1.2,1,2,29.051220655441284,1596589391.3298614,1596589420.3810825,1596589391.3298614,39.020416366782,11.335907259385765
199,28,1.2,1,3,14.40099639892578,1596589442.1562653,1596589456.5572617,1596589391.3298614,39.26487854156954,5.65453374481401
200,28,1.2,1,1,21.775182819366456,1596589420.3810825,1596589442.1562653,1596589391.3298614,50.098938387907495,10.90913542452862
201,28,1.4,1,2,24.951345109939574,1596589063.8751216,1596589088.826467,1596589063.8751216,39.76883731451613,9.922859844555344
202,28,1.4,1,3,12.432108163833618,1596589108.6456895,1596589121.0777977,1596589063.8751216,39.974785691340145,4.969708595408091
203,28,1.4,1,1,19.81922278404236,1596589088.826467,1596589108.6456895,1596589063.8751216,53.17486602137183,10.538845161891725
204,28,1.6,1,2,21.805569171905518,1596588771.5873306,1596588793.3929,1596588771.5873306,41.08163577880184,8.95808450669692
205,28,1.6,1,3,10.85057373046875,1596588810.300787,1596588821.1513608,1596588771.5873306,41.66223211111111,4.5205912129751376
206,28,1.6,1,1,16.90788698196411,1596588793.3929,1596588810.300787,1596588771.5873306,57.42899878720375,9.71003020981395
207,28,1.8,1,2,19.375592994689942,1596588515.3301468,1596588534.7057397,1596588515.3301468,44.000498127752586,8.525357432869509
208,28,1.8,1,3,9.652622556686401,1596588549.2413514,1596588558.893974,1596588515.3301468,44.40503917268041,4.2862508274875815
209,28,1.8,1,1,14.535611629486084,1596588534.7057397,1596588549.2413514,1596588515.3301468,66.73708138530597,9.700642963022126
210,28,2.0,1,2,17.44073643684387,1596588279.6074939,1596588297.0482306,1596588279.6074939,48.53183413872832,8.464309280101823
211,28,2.0,1,3,8.701742219924927,1596588311.9009304,1596588320.6026726,1596588279.6074939,48.709004414503895,4.238532002041982
212,28,2.0,1,1,14.852699947357177,1596588297.0482306,1596588311.9009304,1596588279.6074939,71.32440242853053,10.593599481955176
213,28,2.2,1,2,15.858575296401977,1596588062.0926785,1596588077.9512537,1596588062.0926785,48.6201565330162,7.710464133016878
214,28,2.2,1,3,7.9010614395141605,1596588090.4001665,1596588098.301228,1596588062.0926785,49.19813653421778,3.8871749946646093
215,28,2.2,1,1,12.448912811279296,1596588077.9512537,1596588090.4001665,1596588062.0926785,79.5348298065073,9.901221617211473
216,30,1.2,1,2,29.04308137893677,1596587767.0431056,1596587796.086187,1596587767.0431056,39.143705847750866,11.368538344093915
217,30,1.2,1,3,14.427322483062744,1596587817.4163191,1596587831.8436413,1596587767.0431056,39.31734123831822,5.672439612218385
218,30,1.2,1,1,21.330132055282593,1596587796.086187,1596587817.4163191,1596587767.0431056,49.74694729253648,10.611089550969862
219,30,1.4,1,2,24.9454167842865,1596587441.7533984,1596587466.698815,1596587441.7533984,40.56780898387097,10.119809031279836
220,30,1.4,1,3,12.388831377029419,1596587485.1663272,1596587497.5551589,1596587441.7533984,40.7722310656963,5.05120295538192
221,30,1.4,1,1,18.46751217842102,1596587466.698815,1596587485.1663272,1596587441.7533984,53.804128648403186,9.936284010637172
222,30,1.6,1,2,21.797214460372924,1596587158.017055,1596587179.8142695,1596587158.017055,40.081319990783406,8.736611276939383
223,30,1.6,1,3,10.91261911392212,1596587195.8178477,1596587206.7304668,1596587158.017055,40.73321060068686,4.445060125724705
224,30,1.6,1,1,16.003578424453735,1596587179.8142695,1596587195.8178477,1596587158.017055,57.460054048324686,9.195664812357144
225,30,1.8,1,2,19.382766580581666,1596586903.5346694,1596586922.917436,1596586903.5346694,45.58247031768134,8.835143823339097
226,30,1.8,1,3,9.772014904022218,1596586937.2148883,1596586946.9869034,1596586903.5346694,44.891497071811806,4.386803784496147
227,30,1.8,1,1,14.297452449798584,1596586922.917436,1596586937.2148883,1596586903.5346694,65.7559786375274,9.401429778600196
228,30,2.0,1,2,17.443265628814697,1596586668.8283515,1596586686.2716174,1596586668.8283515,46.22772620809248,8.063625076638758
229,30,2.0,1,3,8.705028009414672,1596586699.5792637,1596586708.2842917,1596586668.8283515,47.64430618918739,4.14745019866005
230,30,2.0,1,1,13.307646465301513,1596586686.2716174,1596586699.5792637,1596586668.8283515,71.43155282802302,9.505858515028388
231,30,2.2,1,2,15.858665180206298,1596586452.4769864,1596586468.3356514,1596586452.4769864,48.53972827646537,7.697752986746564
232,30,2.2,1,3,8.579578828811645,1596586480.9420097,1596586489.5215883,1596586452.4769864,49.16169306917446,4.217866210448253
233,30,2.2,1,1,12.606358194351197,1596586468.3356514,1596586480.9420097,1596586452.4769864,77.26703507165347,9.7405592072876
234,32,1.2,1,2,29.044046354293823,1596586163.3493774,1596586192.3934238,1596586163.3493774,38.73262205536332,11.249520703993156
235,32,1.2,1,3,14.637219524383545,1596586211.4773488,1596586226.1145682,1596586163.3493774,38.95506731705487,5.701938719068709
236,32,1.2,1,1,19.083925008773804,1596586192.3934238,1596586211.4773488,1596586163.3493774,50.03214336925646,9.548096720871097
237,32,1.4,1,2,24.948530673980713,1596585849.2480893,1596585874.19662,1596585849.2480893,39.73306041129032,9.912814764422052
238,32,1.4,1,3,12.4519549369812,1596585890.6196635,1596585903.0716183,1596585849.2480893,40.02158121973348,4.983469258548544
239,32,1.4,1,1,16.423043298721314,1596585874.19662,1596585890.6196635,1596585849.2480893,54.219364658755225,8.904469734198972
240,32,1.6,1,2,21.791431760787965,1596585573.6180787,1596585595.4095106,1596585573.6180787,39.9616408110599,8.708213687833313
241,32,1.6,1,3,10.870779132843017,1596585609.7711196,1596585620.641899,1596585573.6180787,40.38776275656566,4.390464485962883
242,32,1.6,1,1,14.361609172821044,1596585595.4095106,1596585609.7711196,1596585573.6180787,57.99129928544926,8.328483757617185
243,32,1.8,1,2,19.380020904541016,1596585324.6316772,1596585344.0116982,1596585324.6316772,43.97227046632124,8.521835208574371
244,32,1.8,1,3,9.603672504425049,1596585357.6771178,1596585367.28079,1596585324.6316772,44.185494485745615,4.243430184871798
245,32,1.8,1,1,13.665419387817384,1596585344.0116982,1596585357.6771178,1596585324.6316772,65.34172008910309,8.92922008538966
246,32,2.0,1,2,17.44023714065552,1596585098.0193448,1596585115.4595819,1596585098.0193448,48.505835433526016,8.45953272666305
247,32,2.0,1,3,8.630539035797119,1596585127.3649707,1596585135.9955096,1596585098.0193448,48.75190890542321,4.207552528778802
248,32,2.0,1,1,11.905388832092285,1596585115.4595819,1596585127.3649707,1596585098.0193448,72.74570768403751,8.660659358441901
249,32,2.2,1,2,15.867579126358033,1596584890.696796,1596584906.5643747,1596584890.696796,48.52166610126582,7.699213762045597
250,32,2.2,1,3,8.002179622650146,1596584917.2346175,1596584925.2367973,1596584890.696796,50.855887325949666,4.069579452515063
251,32,2.2,1,1,10.670242738723754,1596584906.5643747,1596584917.2346175,1596584890.696796,80.14299200926993,8.551451785465083
252,4,1.2,1,2,29.053586626052855,1596617127.7306573,1596617156.784244,1596617127.7306573,29.918290096885812,8.692336330332513
253,4,1.2,1,3,14.470838499069213,1596617307.760386,1596617322.2312245,1596617127.7306573,29.846239429880928,4.3190011059435856
254,4,1.2,1,1,150.9761420249939,1596617156.784244,1596617307.760386,1596617127.7306573,32.03410136528509,48.36385037368333
255,4,1.4,1,2,24.954628229141235,1596616213.5999584,1596616238.554587,1596616213.5999584,31.33726689969962,7.820098451993775
256,4,1.4,1,3,12.347166538238525,1596616367.9119887,1596616380.2591553,1596616213.5999584,31.290988332894795,3.8635504409233072
257,4,1.4,1,1,129.35740218162536,1596616238.554587,1596616367.9119887,1596616213.5999584,33.67534525695201,43.56155180008632
258,4,1.6,1,2,21.80430245399475,1596615417.8618436,1596615439.6661458,1596615417.8618436,32.6344278156682,7.115709345058886
259,4,1.6,1,3,10.871574974060058,1596615552.5920498,1596615563.463625,1596615417.8618436,32.54502511716011,3.5381568059387383
260,4,1.6,1,1,112.92590379714966,1596615439.6661458,1596615552.5920498,1596615417.8618436,35.400214279974705,39.97601192178907
261,4,1.8,1,2,19.389264249801634,1596614713.3461628,1596614732.7354271,1596614713.3461628,35.33057588601036,6.850338719515244
262,4,1.8,1,3,9.593872880935669,1596614832.9166298,1596614842.5105026,1596614713.3461628,35.3544817745614,3.39186403916499
263,4,1.8,1,1,100.18120260238648,1596614732.7354271,1596614832.9166298,1596614713.3461628,38.61518482765932,38.68515654748339
264,4,2.0,1,2,17.44775447845459,1596614079.8706937,1596614097.3184478,1596614079.8706937,37.60202653179191,6.560709268190405
265,4,2.0,1,3,8.620608949661255,1596614187.780012,1596614196.400621,1596614079.8706937,37.453754465116276,3.228741709403966
266,4,2.0,1,1,90.46156401634217,1596614097.3184478,1596614187.780012,1596614079.8706937,41.19985992947201,37.270037664742624
267,4,2.2,1,2,15.864954328536987,1596613503.9164994,1596613519.7814536,1596613503.9164994,39.65480186075949,6.291216204281328
268,4,2.2,1,3,7.850352811813354,1596613601.8777547,1596613609.7281075,1596613503.9164994,39.64668022038299,3.112404275471485
269,4,2.2,1,1,82.09630098342896,1596613519.7814536,1596613601.8777547,1596613503.9164994,44.383602993904795,36.43729630116626
270,6,1.2,1,2,29.042309761047363,1596612833.928924,1596612862.9712336,1596612833.928924,31.328075197231833,9.098396640953919
271,6,1.2,1,3,14.481950712203979,1596612963.6347413,1596612978.116692,1596612833.928924,31.308204785456617,4.5340387859057145
272,6,1.2,1,1,100.663507604599,1596612862.9712336,1596612963.6347413,1596612833.928924,34.791023962304365,35.02186505201212
273,6,1.4,1,2,24.949316453933715,1596612149.221798,1596612174.1711144,1596612149.221798,32.68478544354839,8.15463055260015
274,6,1.4,1,3,12.413028573989868,1596612260.407251,1596612272.8202794,1596612149.221798,32.64690550323282,4.052469708639761
275,6,1.4,1,1,86.23613634109498,1596612174.1711144,1596612260.407251,1596612149.221798,36.86685285861262,31.792549495824048
276,6,1.6,1,2,21.810161590576172,1596611552.5700831,1596611574.3802447,1596611552.5700831,33.99854208294931,7.415136966731286
277,6,1.6,1,3,10.847979974746703,1596611649.5779686,1596611660.4259486,1596611552.5700831,33.906649760743846,3.6781865761529935
278,6,1.6,1,1,75.19772400856019,1596611574.3802447,1596611649.5779686,1596611552.5700831,39.02628050371873,29.346874703992945
279,6,1.8,1,2,19.387738513946534,1596611007.1158123,1596611026.5035508,1596611007.1158123,37.767202549222795,7.322206474275865
280,6,1.8,1,3,9.639728021621703,1596611096.704259,1596611106.343987,1596611007.1158123,37.71529544018584,3.635651902985007
281,6,1.8,1,1,70.20070815086365,1596611026.5035508,1596611096.704259,1596611007.1158123,43.022184256295844,30.201878009889057
282,6,2.0,1,2,17.44547324180603,1596610530.731559,1596610548.177032,1596610530.731559,40.31256322543352,7.032717430579144
283,6,2.0,1,3,8.634767055511475,1596610608.3701394,1596610617.0049064,1596610530.731559,40.2656376248974,3.4768440123262736
284,6,2.0,1,1,60.19310717582702,1596610548.177032,1596610608.3701394,1596610530.731559,47.1318712150211,28.370137754430417
285,6,2.2,1,2,15.863846111297608,1596610096.952105,1596610112.815951,1596610096.952105,42.363323367088604,6.720452426586316
286,6,2.2,1,3,7.875036191940308,1596610167.5435977,1596610175.4186337,1596610096.952105,42.450727953261925,3.3430101900614977
287,6,2.2,1,1,54.72764644622803,1596610112.815951,1596610167.5435977,1596610096.952105,50.529141414629045,27.65340986571277
288,8,1.2,1,2,29.04025545120239,1596609557.7071908,1596609586.7474463,1596609557.7071908,32.66655631141868,9.486451399946862
289,8,1.2,1,3,14.445572710037231,1596609662.1137908,1596609676.5593636,1596609557.7071908,32.835427351664876,4.743265532736202
290,8,1.2,1,1,75.36634459495545,1596609586.7474463,1596609662.1137908,1596609557.7071908,37.81585171581358,28.500425115657436
291,8,1.4,1,2,24.942307233810425,1596608985.9385192,1596609010.8808265,1596608985.9385192,34.20413409677419,8.531300213081927
292,8,1.4,1,3,13.235601234436036,1596609075.47915,1596609088.7147512,1596608985.9385192,34.048978320191985,4.506586994860188
293,8,1.4,1,1,64.59832344055175,1596609010.8808265,1596609075.47915,1596608985.9385192,40.1057504465481,25.90764239172167
294,8,1.6,1,2,21.799501132965087,1596608487.144619,1596608508.94412,1596608487.144619,35.68990401843318,7.780221030852493
295,8,1.6,1,3,10.801743984222412,1596608565.4984424,1596608576.3001864,1596608487.144619,35.637475162512985,3.849468829495503
296,8,1.6,1,1,56.55432243347168,1596608508.94412,1596608565.4984424,1596608487.144619,42.73362257710428,24.167710699758405
297,8,1.8,1,2,19.37823619842529,1596608044.722908,1596608064.1011443,1596608044.722908,39.46008509844559,7.646668494476407
298,8,1.8,1,3,9.773705863952637,1596608114.4730313,1596608124.2467372,1596608044.722908,39.247609491574146,3.835945910339214
299,8,1.8,1,1,50.37188720703125,1596608064.1011443,1596608114.4730313,1596608044.722908,47.55335742728477,23.953523566428302
300,8,2.0,1,2,17.442389154434203,1596607646.135855,1596607663.5782437,1596607646.135855,41.97306785064116,7.321105834563542
301,8,2.0,1,3,8.630054998397828,1596607708.6889853,1596607717.3190403,1596607646.135855,41.95881519566331,3.621068828061849
302,8,2.0,1,1,45.110741472244264,1596607663.5782437,1596607708.6889853,1596607646.135855,51.529358882572296,23.245275867822123
303,8,2.2,1,2,15.868620824813842,1596607283.493729,1596607299.36235,1596607283.493729,44.63073902531645,7.082282747239685
304,8,2.2,1,3,7.898813676834107,1596607340.416656,1596607348.3154693,1596607283.493729,44.63384633915841,3.5255443591345634
305,8,2.2,1,1,41.05430603027344,1596607299.36235,1596607340.416656,1596607283.493729,56.033882581866315,23.004321635803482
