inst,args,energy,time,freq,thr
ADD,"['rax', 'rax']",3968558694,0.03412145773569743,3000000,1
ADD,"['rax', 'rcx']",4798945689,0.040753873189290364,3000000,1
ADD,"['rax', '0']",3954254370,0.03394736448923747,3000000,1
ADD,"['rax', '<0000000000000001>']",4502216157,0.03736624717712402,3000000,1
ADD,"['<0000000000000001>', 'rax']",28889942152,0.2382045825322469,3000000,1
SUB,"['rax', 'rax']",1207918045,0.010357069969177245,3000000,1
SUB,"['rax', 'rcx']",4720313412,0.04012578328450521,3000000,1
SUB,"['rax', '0']",3940954931,0.03386423587799072,3000000,1
SUB,"['rax', '<0000000000000001>']",5037597218,0.04155821800231933,3000000,1
SUB,"['<0000000000000001>', 'rax']",28801798417,0.23743592898050944,3000000,1
ADC,"['rax', 'rax']",8442742920,0.07227598826090495,3000000,1
ADC,"['rax', 'rcx']",8671332488,0.07406463623046874,3000000,1
ADC,"['rax', '0']",4715125145,0.04011103312174479,3000000,1
ADC,"['rax', '<0000000000000001>']",8049605563,0.06784718036651612,3000000,1
ADC,"['<0000000000000001>', 'rax']",32066673049,0.26646339098612465,3000000,1
SBB,"['rax', 'rax']",8452772113,0.07219251791636148,3000000,1
SBB,"['rax', 'rcx']",8671896098,0.07409844398498536,3000000,1
SBB,"['rax', '0']",4623376930,0.039320842425028486,3000000,1
SBB,"['rax', '<0000000000000001>']",8099963426,0.06830792427062989,3000000,1
SBB,"['<0000000000000001>', 'rax']",32060680874,0.2664985497792562,3000000,1
AND,"['rax', 'rax']",4517973196,0.03851714134216309,3000000,1
AND,"['rax', 'rcx']",3937367927,0.033844431241353355,3000000,1
AND,"['rax', '0']",4745643076,0.04036393165588379,3000000,1
AND,"['rax', '<0000000000000001>']",4084622950,0.03389111359914144,3000000,1
AND,"['<0000000000000001>', 'rax']",29313872691,0.2417082945505778,3000000,1
OR,"['rax', 'rax']",3932690841,0.03382260799407959,3000000,1
OR,"['rax', 'rcx']",4734115293,0.04039158821105957,3000000,1
OR,"['rax', '0']",4010803200,0.03445909023284912,3000000,1
OR,"['rax', '<0000000000000001>']",4861563153,0.040215714772542314,3000000,1
OR,"['<0000000000000001>', 'rax']",28632272076,0.23618888060251872,3000000,1
XOR,"['rax', 'rax']",1630446114,0.013779004414876303,3000000,1
XOR,"['rax', 'rcx']",4348826965,0.03711275259653727,3000000,1
XOR,"['rax', '0']",3941876804,0.03384707768758138,3000000,1
XOR,"['rax', '<0000000000000001>']",4855367816,0.04017792542775472,3000000,1
XOR,"['<0000000000000001>', 'rax']",29363254067,0.24223934809366862,3000000,1
ADD,"['rax', 'rax']",8597892846,0.07182625929514568,3000000,1
ADD,"['rax', 'rcx']",8401959867,0.07013364632924397,3000000,1
ADD,"['rax', '0']",8866299904,0.073951522509257,3000000,1
ADD,"['rax', '<0000000000000001>']",9187354214,0.07535335222880045,3000000,1
ADD,"['<0000000000000001>', 'rax']",46773351219,0.38551351229349773,3000000,1
SUB,"['rax', 'rax']",1188272537,0.01029061476389567,3000000,1
SUB,"['rax', 'rcx']",4339011857,0.03744617303212484,3000000,1
SUB,"['rax', '0']",4172668381,0.03596002260843913,3000000,1
SUB,"['rax', '<0000000000000001>']",4054164002,0.033814279238382976,3000000,1
SUB,"['<0000000000000001>', 'rax']",29264084992,0.24267610708872478,3000000,1
ADC,"['rax', 'rax']",8679240499,0.0744978666305542,3000000,1
ADC,"['rax', 'rcx']",8627058551,0.07408597469329833,3000000,1
ADC,"['rax', '0']",4686236876,0.04015742142995198,3000000,1
ADC,"['rax', '<0000000000000001>']",8530753399,0.07215150992075602,3000000,1
ADC,"['<0000000000000001>', 'rax']",31952142336,0.2670557181040446,3000000,1
SBB,"['rax', 'rax']",8611109273,0.07386789321899415,3000000,1
SBB,"['rax', 'rcx']",8754569762,0.07508649031321207,3000000,1
SBB,"['rax', '0']",3927825885,0.03382256825764974,3000000,1
SBB,"['rax', '<0000000000000001>']",8747629499,0.0739069938659668,3000000,1
SBB,"['<0000000000000001>', 'rax']",31694502843,0.26483446756998696,3000000,1
AND,"['rax', 'rax']",4698155690,0.040126768747965495,3000000,1
AND,"['rax', 'rcx']",3935487044,0.033913890520731606,3000000,1
AND,"['rax', '0']",4718519910,0.04046533107757568,3000000,1
AND,"['rax', '<0000000000000001>']",4110933469,0.03428223133087158,3000000,1
AND,"['<0000000000000001>', 'rax']",29331095552,0.24297706286112467,3000000,1
OR,"['rax', 'rax']",3912612795,0.03380592664082845,3000000,1
OR,"['rax', 'rcx']",4655415296,0.03968397776285807,3000000,1
OR,"['rax', '0']",3943266167,0.03398581345876058,3000000,1
OR,"['rax', '<0000000000000001>']",4842260616,0.04015830357869466,3000000,1
OR,"['<0000000000000001>', 'rax']",29371511603,0.24308324654897054,3000000,1
XOR,"['rax', 'rax']",1186107665,0.010202153523763021,3000000,1
XOR,"['rax', 'rcx']",3983269341,0.034328341484069824,3000000,1
XOR,"['rax', '0']",4887205205,0.041744446754455565,3000000,1
XOR,"['rax', '<0000000000000001>']",4063900467,0.03385232289632161,3000000,1
XOR,"['<0000000000000001>', 'rax']",29266970760,0.24213266372680664,3000000,1
ADD,"['rax', 'rax']",4707459618,0.04308622678120931,2800000,1
ADD,"['rax', 'rcx']",3951777109,0.036458706855773924,2800000,1
ADD,"['rax', '0']",4723793373,0.043175824483235675,2800000,1
ADD,"['rax', '<0000000000000001>']",4049414826,0.036208550135294594,2800000,1
ADD,"['<0000000000000001>', 'rax']",29311760247,0.26011365254720054,2800000,1
SUB,"['rax', 'rax']",1188506282,0.010967079798380535,2800000,1
SUB,"['rax', 'rcx']",4723636087,0.04320062001546224,2800000,1
SUB,"['rax', '0']",3945564296,0.03638509114583333,2800000,1
SUB,"['rax', '<0000000000000001>']",4441569143,0.039563862482706706,2800000,1
SUB,"['<0000000000000001>', 'rax']",28821000465,0.25586880842844645,2800000,1
ADC,"['rax', 'rax']",8566193083,0.07860659758249919,2800000,1
ADC,"['rax', 'rcx']",8611249083,0.07902236779530843,2800000,1
ADC,"['rax', '0']",4903770521,0.04474086761474609,2800000,1
ADC,"['rax', '<0000000000000001>']",8635809792,0.07806856632232666,2800000,1
ADC,"['<0000000000000001>', 'rax']",31803373431,0.2844295263290405,2800000,1
SBB,"['rax', 'rax']",8626401006,0.07928117116292317,2800000,1
SBB,"['rax', 'rcx']",8517397162,0.07825940450032552,2800000,1
SBB,"['rax', '0']",4024978636,0.03720848560333252,2800000,1
SBB,"['rax', '<0000000000000001>']",8751476462,0.07927925586700439,2800000,1
SBB,"['<0000000000000001>', 'rax']",32045137920,0.2868889967600505,2800000,1
AND,"['rax', 'rax']",4722786304,0.04316895802815755,2800000,1
AND,"['rax', 'rcx']",3928946551,0.03625624974568685,2800000,1
AND,"['rax', '0']",4451299054,0.04082136948903402,2800000,1
AND,"['rax', '<0000000000000001>']",4394044620,0.039210311571757,2800000,1
AND,"['<0000000000000001>', 'rax']",29128244155,0.25868450005849203,2800000,1
OR,"['rax', 'rax']",3923000251,0.036223228772481283,2800000,1
OR,"['rax', 'rcx']",4693295104,0.04297819932301839,2800000,1
OR,"['rax', '0']",3928455031,0.036233949661254886,2800000,1
OR,"['rax', '<0000000000000001>']",4860545160,0.04325312773386637,2800000,1
OR,"['<0000000000000001>', 'rax']",29063525171,0.25793851216634117,2800000,1
XOR,"['rax', 'rax']",1184213674,0.010943714777628582,2800000,1
XOR,"['rax', 'rcx']",3936221047,0.03635679880777995,2800000,1
XOR,"['rax', '0']",4715299908,0.043119263648986814,2800000,1
XOR,"['rax', '<0000000000000001>']",4051640866,0.03626337051391602,2800000,1
XOR,"['<0000000000000001>', 'rax']",29190839773,0.2591635862986247,2800000,1
ADD,"['rax', 'rax']",4739321036,0.04642696380615234,2600000,1
ADD,"['rax', 'rcx']",3942505949,0.03903695742289225,2600000,1
ADD,"['rax', '0']",4740402380,0.04650908311208089,2600000,1
ADD,"['rax', '<0000000000000001>']",4065691784,0.03901633421579997,2600000,1
ADD,"['<0000000000000001>', 'rax']",29535183394,0.281412672996521,2600000,1
SUB,"['rax', 'rax']",1395897139,0.01378328800201416,2600000,1
SUB,"['rax', 'rcx']",4636702583,0.04549469153086345,2600000,1
SUB,"['rax', '0']",4189262097,0.04127372105916341,2600000,1
SUB,"['rax', '<0000000000000001>']",4567441954,0.04365066687266032,2600000,1
SUB,"['<0000000000000001>', 'rax']",29206330299,0.27841094334920247,2600000,1
ADC,"['rax', 'rax']",8671465745,0.08537717660268147,2600000,1
ADC,"['rax', 'rcx']",8697243238,0.08566772143046061,2600000,1
ADC,"['rax', '0']",4621161813,0.04537477493286133,2600000,1
ADC,"['rax', '<0000000000000001>']",8763371246,0.08511370023091634,2600000,1
ADC,"['<0000000000000001>', 'rax']",35294240221,0.33843292395273844,2600000,1
SBB,"['rax', 'rax']",8853500723,0.08711321353912353,2600000,1
SBB,"['rax', 'rcx']",8596389888,0.08467910289764405,2600000,1
SBB,"['rax', '0']",4603668070,0.04521230856577555,2600000,1
SBB,"['rax', '<0000000000000001>']",8868248507,0.08611227671305338,2600000,1
SBB,"['<0000000000000001>', 'rax']",31979728622,0.30735958417256676,2600000,1
AND,"['rax', 'rax']",4710574762,0.04625705083211263,2600000,1
AND,"['rax', 'rcx']",4111861896,0.04055490493774414,2600000,1
AND,"['rax', '0']",4621898001,0.0453895092010498,2600000,1
AND,"['rax', '<0000000000000001>']",4224736733,0.04050750732421875,2600000,1
AND,"['<0000000000000001>', 'rax']",30152764074,0.2875428040822347,2600000,1
OR,"['rax', 'rax']",3974369553,0.039307570457458495,2600000,1
OR,"['rax', 'rcx']",4777596245,0.046827228864034016,2600000,1
OR,"['rax', '0']",3959272243,0.03913021882375081,2600000,1
OR,"['rax', '<0000000000000001>']",4859669162,0.046607621510823566,2600000,1
OR,"['<0000000000000001>', 'rax']",29289209309,0.27931116422017416,2600000,1
XOR,"['rax', 'rax']",1185978777,0.011751222610473632,2600000,1
XOR,"['rax', 'rcx']",4243445077,0.041864418983459474,2600000,1
XOR,"['rax', '0']",4407320029,0.04334604740142822,2600000,1
XOR,"['rax', '<0000000000000001>']",4252788326,0.040817634264628096,2600000,1
XOR,"['<0000000000000001>', 'rax']",29842232661,0.2846947908401489,2600000,1
ADD,"['rax', 'rax']",4000948770,0.04233850638071696,2400000,1
ADD,"['rax', 'rcx']",4787382954,0.05033747355143229,2400000,1
ADD,"['rax', '0']",4015281493,0.04248676300048828,2400000,1
ADD,"['rax', '<0000000000000001>']",4897083665,0.05028935273488363,2400000,1
ADD,"['<0000000000000001>', 'rax']",30490912358,0.3119876702626546,2400000,1
SUB,"['rax', 'rax']",1192482133,0.012679147720336913,2400000,1
SUB,"['rax', 'rcx']",4043885772,0.04279685020446777,2400000,1
SUB,"['rax', '0']",4699826858,0.04940100510915121,2400000,1
SUB,"['rax', '<0000000000000001>']",4882807739,0.050134650866190594,2400000,1
SUB,"['<0000000000000001>', 'rax']",29410254301,0.3011174519856771,2400000,1
ADC,"['rax', 'rax']",8943016345,0.09416702588399252,2400000,1
ADC,"['rax', 'rcx']",9408800358,0.09882479508717855,2400000,1
ADC,"['rax', '0']",4078156731,0.04317128658294678,2400000,1
ADC,"['rax', '<0000000000000001>']",8938573004,0.09296422004699707,2400000,1
ADC,"['<0000000000000001>', 'rax']",32950854178,0.3395145257314046,2400000,1
SBB,"['rax', 'rax']",8824828723,0.09299852848052978,2400000,1
SBB,"['rax', 'rcx']",9419347285,0.09899842739105225,2400000,1
SBB,"['rax', '0']",3987987933,0.042310206095377605,2400000,1
SBB,"['rax', '<0000000000000001>']",8898714009,0.09267385800679524,2400000,1
SBB,"['<0000000000000001>', 'rax']",33154883037,0.3417579889297485,2400000,1
AND,"['rax', 'rax']",4786911095,0.05034303665161133,2400000,1
AND,"['rax', 'rcx']",4590735633,0.04835944175720215,2400000,1
AND,"['rax', '0']",4116711560,0.04358675479888916,2400000,1
AND,"['rax', '<0000000000000001>']",4871587976,0.05008363723754883,2400000,1
AND,"['<0000000000000001>', 'rax']",29568720349,0.30279846986134845,2400000,1
OR,"['rax', 'rax']",4763158664,0.05010098616282145,2400000,1
OR,"['rax', 'rcx']",4421100066,0.046741390228271486,2400000,1
OR,"['rax', '0']",4448325905,0.04705111980438233,2400000,1
OR,"['rax', '<0000000000000001>']",5060014899,0.05192207495371501,2400000,1
OR,"['<0000000000000001>', 'rax']",29564604689,0.30265477498372395,2400000,1
XOR,"['rax', 'rax']",1987835767,0.0206622838973999,2400000,1
XOR,"['rax', 'rcx']",3998646272,0.04238870938618978,2400000,1
XOR,"['rax', '0']",4770769578,0.050185314814249676,2400000,1
XOR,"['rax', '<0000000000000001>']",4115887991,0.04240523974100749,2400000,1
XOR,"['<0000000000000001>', 'rax']",30382559505,0.31096558570861815,2400000,1
ADD,"['rax', 'rax']",4767315831,0.0541162649790446,2200000,1
ADD,"['rax', 'rcx']",4249054958,0.0484248956044515,2200000,1
ADD,"['rax', '0']",4854102971,0.05502085685729981,2200000,1
ADD,"['rax', '<0000000000000001>']",4168041540,0.04639808336893717,2200000,1
ADD,"['<0000000000000001>', 'rax']",30717168844,0.33941928545633954,2200000,1
SUB,"['rax', 'rax']",1215596680,0.013890218734741212,2200000,1
SUB,"['rax', 'rcx']",4349097847,0.04955910841623942,2200000,1
SUB,"['rax', '0']",4480868898,0.05095195770263672,2200000,1
SUB,"['rax', '<0000000000000001>']",4719179639,0.052516452471415204,2200000,1
SUB,"['<0000000000000001>', 'rax']",30042530338,0.3319389343261719,2200000,1
ADC,"['rax', 'rax']",8901669683,0.1009982426961263,2200000,1
ADC,"['rax', 'rcx']",9145883033,0.10364071528116862,2200000,1
ADC,"['rax', '0']",4872236782,0.05500494639078776,2200000,1
ADC,"['rax', '<0000000000000001>']",9002437836,0.10087285041809083,2200000,1
ADC,"['<0000000000000001>', 'rax']",33542768776,0.37321418126424155,2200000,1
SBB,"['rax', 'rax']",9040708676,0.10274206002553304,2200000,1
SBB,"['rax', 'rcx']",8924585437,0.10118325551350911,2200000,1
SBB,"['rax', '0']",4306748484,0.04887028535207113,2200000,1
SBB,"['rax', '<0000000000000001>']",9223726694,0.1034786065419515,2200000,1
SBB,"['<0000000000000001>', 'rax']",32836985378,0.365584397315979,2200000,1
AND,"['rax', 'rax']",4676769109,0.05306200981140137,2200000,1
AND,"['rax', 'rcx']",4443356091,0.050513450304667154,2200000,1
AND,"['rax', '0']",4418061380,0.050337449709574385,2200000,1
AND,"['rax', '<0000000000000001>']",4831910297,0.0535627285639445,2200000,1
AND,"['<0000000000000001>', 'rax']",29921020040,0.3304547071456909,2200000,1
OR,"['rax', 'rax']",4971855872,0.056232055028279625,2200000,1
OR,"['rax', 'rcx']",4035226282,0.04614381790161133,2200000,1
OR,"['rax', '0']",5043871197,0.0570037841796875,2200000,1
OR,"['rax', '<0000000000000001>']",4147961309,0.04618173440297445,2200000,1
OR,"['<0000000000000001>', 'rax']",30667119001,0.33905672232309975,2200000,1
XOR,"['rax', 'rax']",1215129190,0.013859089215596516,2200000,1
XOR,"['rax', 'rcx']",4543540974,0.05170419216156006,2200000,1
XOR,"['rax', '0']",4461155669,0.0507795254389445,2200000,1
XOR,"['rax', '<0000000000000001>']",4964323601,0.05514298280080159,2200000,1
XOR,"['<0000000000000001>', 'rax']",31409914948,0.3474246025085449,2200000,1
ADD,"['rax', 'rax']",5191912652,0.06287590662638347,2000000,1
ADD,"['rax', 'rcx']",4928488516,0.05974706013997396,2000000,1
ADD,"['rax', '0']",4305717384,0.05258146127065023,2000000,1
ADD,"['rax', '<0000000000000001>']",5071232477,0.06027503808339437,2000000,1
ADD,"['<0000000000000001>', 'rax']",31652417809,0.37510361671447756,2000000,1
SUB,"['rax', 'rax']",1243211366,0.01524653434753418,2000000,1
SUB,"['rax', 'rcx']",4191234730,0.051194469134012856,2000000,1
SUB,"['rax', '0']",5054914013,0.06130638917287191,2000000,1
SUB,"['rax', '<0000000000000001>']",5566955520,0.06612157026926677,2000000,1
SUB,"['<0000000000000001>', 'rax']",31384030412,0.372003436088562,2000000,1
ADC,"['rax', 'rax']",9478952277,0.11510062217712402,2000000,1
ADC,"['rax', 'rcx']",9136050449,0.11104489167531331,2000000,1
ADC,"['rax', '0']",4328277060,0.05278023878733317,2000000,1
ADC,"['rax', '<0000000000000001>']",9835915946,0.11813069979349772,2000000,1
ADC,"['<0000000000000001>', 'rax']",34225837397,0.40808326403299966,2000000,1
SBB,"['rax', 'rax']",12003787844,0.14449137846628826,2000000,1
SBB,"['rax', 'rcx']",11239017676,0.13576836585998536,2000000,1
SBB,"['rax', '0']",4148627592,0.050664814313252766,2000000,1
SBB,"['rax', '<0000000000000001>']",9483913352,0.11396762530008951,2000000,1
SBB,"['<0000000000000001>', 'rax']",34789425152,0.4148620049158732,2000000,1
AND,"['rax', 'rax']",4171626359,0.0509787638982137,2000000,1
AND,"['rax', 'rcx']",4975565209,0.06031683286031087,2000000,1
AND,"['rax', '0']",4430491374,0.053959441184997556,2000000,1
AND,"['rax', '<0000000000000001>']",4967421269,0.05903757413228353,2000000,1
AND,"['<0000000000000001>', 'rax']",31289372398,0.37085233529408773,2000000,1
OR,"['rax', 'rax']",4330900684,0.052770717938741045,2000000,1
OR,"['rax', 'rcx']",4777484834,0.05802434285481771,2000000,1
OR,"['rax', '0']",5089390318,0.06166624228159587,2000000,1
OR,"['rax', '<0000000000000001>']",4255141068,0.0507885217666626,2000000,1
OR,"['<0000000000000001>', 'rax']",31460039065,0.37291684945424397,2000000,1
XOR,"['rax', 'rax']",1522694007,0.018496131896972655,2000000,1
XOR,"['rax', 'rcx']",8429550523,0.10064553419748942,2000000,1
XOR,"['rax', '0']",7307517405,0.08719215393066407,2000000,1
XOR,"['rax', '<0000000000000001>']",9075530137,0.10718624591827393,2000000,1
XOR,"['<0000000000000001>', 'rax']",58719334126,0.6923286358515421,2000000,1
ADD,"['rax', 'rax']",6145374071,0.07933022181193033,1800000,1
ADD,"['rax', 'rcx']",10339632196,0.13196083704630535,1800000,1
ADD,"['rax', '0']",5525386035,0.07152132193247478,1800000,1
ADD,"['rax', '<0000000000000001>']",10796671522,0.13688658873240153,1800000,1
ADD,"['<0000000000000001>', 'rax']",49889653555,0.6313072443008423,1800000,1
SUB,"['rax', 'rax']",2061965721,0.02657291094462077,1800000,1
SUB,"['rax', 'rcx']",7220391662,0.0930607000986735,1800000,1
SUB,"['rax', '0']",7662241928,0.09850622018178304,1800000,1
SUB,"['rax', '<0000000000000001>']",8105367961,0.10282798608144124,1800000,1
SUB,"['<0000000000000001>', 'rax']",48267604787,0.6109692096710205,1800000,1
ADC,"['rax', 'rax']",14367350237,0.18486879666646322,1800000,1
ADC,"['rax', 'rcx']",13187787434,0.17012799580891927,1800000,1
ADC,"['rax', '0']",9358488371,0.11976053714752197,1800000,1
ADC,"['rax', '<0000000000000001>']",20144128000,0.2565583070119222,1800000,1
ADC,"['<0000000000000001>', 'rax']",75989273804,0.9612217903137207,1800000,1
SBB,"['rax', 'rax']",11237696034,0.14565502007802328,1800000,1
SBB,"['rax', 'rcx']",10656249719,0.1383772611618042,1800000,1
SBB,"['rax', '0']",5553168930,0.0720036506652832,1800000,1
SBB,"['rax', '<0000000000000001>']",10950783795,0.14093740781148276,1800000,1
SBB,"['<0000000000000001>', 'rax']",56390189056,0.7165151596069336,1800000,1
AND,"['rax', 'rax']",8923549969,0.11444471677144369,1800000,1
AND,"['rax', 'rcx']",5787604309,0.07483136653900146,1800000,1
AND,"['rax', '0']",6185263650,0.08004387219746907,1800000,1
AND,"['rax', '<0000000000000001>']",13632564974,0.1727764368057251,1800000,1
AND,"['<0000000000000001>', 'rax']",50938557235,0.6447976032892863,1800000,1
OR,"['rax', 'rax']",7286161408,0.0938795566558838,1800000,1
OR,"['rax', 'rcx']",8010771114,0.1030026117960612,1800000,1
OR,"['rax', '0']",7697843268,0.09892539183298747,1800000,1
OR,"['rax', '<0000000000000001>']",11675976772,0.14801782766977947,1800000,1
OR,"['<0000000000000001>', 'rax']",68557229260,0.8654730161031087,1800000,1
XOR,"['rax', 'rax']",1706349909,0.022129273414611815,1800000,1
XOR,"['rax', 'rcx']",6385445546,0.08196525573730469,1800000,1
XOR,"['rax', '0']",9352365124,0.11981632709503173,1800000,1
XOR,"['rax', '<0000000000000001>']",14491180509,0.18303528626759846,1800000,1
XOR,"['<0000000000000001>', 'rax']",40663401540,0.5154055913289388,1800000,1
ADD,"['rax', 'rax']",5556598647,0.07720766067504883,1600000,1
ADD,"['rax', 'rcx']",11745925529,0.16091474692026775,1600000,1
ADD,"['rax', '0']",6239160456,0.08637973467508951,1600000,1
ADD,"['rax', '<0000000000000001>']",5332035174,0.07305940786997477,1600000,1
ADD,"['<0000000000000001>', 'rax']",35554383189,0.4843158721923828,1600000,1
SUB,"['rax', 'rax']",1366657160,0.019100244839986166,1600000,1
SUB,"['rax', 'rcx']",5437227008,0.07545214494069417,1600000,1
SUB,"['rax', '0']",5437443276,0.07545326550801595,1600000,1
SUB,"['rax', '<0000000000000001>']",4888221013,0.06697766780853272,1600000,1
SUB,"['<0000000000000001>', 'rax']",35933106995,0.4895922263463338,1600000,1
ADC,"['rax', 'rax']",10159770828,0.14145389397939045,1600000,1
ADC,"['rax', 'rcx']",10882036531,0.1512574513753255,1600000,1
ADC,"['rax', '0']",5525237486,0.07687806288401286,1600000,1
ADC,"['rax', '<0000000000000001>']",12827341619,0.17648682594299317,1600000,1
ADC,"['<0000000000000001>', 'rax']",42215652283,0.5782662789026897,1600000,1
SBB,"['rax', 'rax']",10063360819,0.14038275877634684,1600000,1
SBB,"['rax', 'rcx']",10873553988,0.15119664669036864,1600000,1
SBB,"['rax', '0']",5419361894,0.0754056453704834,1600000,1
SBB,"['rax', '<0000000000000001>']",10217588872,0.1410296678543091,1600000,1
SBB,"['<0000000000000001>', 'rax']",39360545860,0.5396802584330241,1600000,1
AND,"['rax', 'rax']",5422741367,0.07541584968566895,1600000,1
AND,"['rax', 'rcx']",5431521006,0.07548758983612061,1600000,1
AND,"['rax', '0']",5770197947,0.08004217147827149,1600000,1
AND,"['rax', '<0000000000000001>']",4630135876,0.0635814110438029,1600000,1
AND,"['<0000000000000001>', 'rax']",36559954466,0.49764989217122396,1600000,1
OR,"['rax', 'rax']",4771370325,0.06651333173116049,1600000,1
OR,"['rax', 'rcx']",9888292317,0.1353704373041789,1600000,1
OR,"['rax', '0']",5493376068,0.07614354292551677,1600000,1
OR,"['rax', '<0000000000000001>']",4952297745,0.06762331326802572,1600000,1
OR,"['<0000000000000001>', 'rax']",41544450048,0.5646676460901896,1600000,1
XOR,"['rax', 'rax']",1976574498,0.027318668365478516,1600000,1
XOR,"['rax', 'rcx']",5282699673,0.07328697840372721,1600000,1
XOR,"['rax', '0']",4841834632,0.06737986405690512,1600000,1
XOR,"['rax', '<0000000000000001>']",5532411494,0.07543334166208902,1600000,1
XOR,"['<0000000000000001>', 'rax']",35131416029,0.4783804814020793,1600000,1
ADD,"['rax', 'rax']",5449379566,0.08094863096872966,1400000,1
ADD,"['rax', 'rcx']",7216448580,0.10639777183532714,1400000,1
ADD,"['rax', '0']",5818345062,0.08633679548899333,1400000,1
ADD,"['rax', '<0000000000000001>']",5882856516,0.08589411576588948,1400000,1
ADD,"['<0000000000000001>', 'rax']",37749299609,0.5500561873118083,1400000,1
SUB,"['rax', 'rax']",1753269316,0.026016529401143393,1400000,1
SUB,"['rax', 'rcx']",5416591906,0.08067816893259684,1400000,1
SUB,"['rax', '0']",6174965760,0.09141918023427327,1400000,1
SUB,"['rax', '<0000000000000001>']",5732114978,0.08371947606404623,1400000,1
SUB,"['<0000000000000001>', 'rax']",37600910813,0.548135495185852,1400000,1
ADC,"['rax', 'rax']",10995263078,0.1634338935216268,1400000,1
ADC,"['rax', 'rcx']",11293655040,0.167623241742452,1400000,1
ADC,"['rax', '0']",5888095027,0.08744451204935709,1400000,1
ADC,"['rax', '<0000000000000001>']",11957831816,0.1760993242263794,1400000,1
ADC,"['<0000000000000001>', 'rax']",41534385902,0.6084914604822794,1400000,1
SBB,"['rax', 'rax']",10798454101,0.1605358362197876,1400000,1
SBB,"['rax', 'rcx']",11321984068,0.16809701124827067,1400000,1
SBB,"['rax', '0']",5331694387,0.07927935123443604,1400000,1
SBB,"['rax', '<0000000000000001>']",11656036352,0.17154897848765055,1400000,1
SBB,"['<0000000000000001>', 'rax']",40961561941,0.599664036432902,1400000,1
AND,"['rax', 'rax']",5821680844,0.08626627127329509,1400000,1
AND,"['rax', 'rcx']",5777577301,0.08567914168039957,1400000,1
AND,"['rax', '0']",5093936332,0.07586055596669515,1400000,1
AND,"['rax', '<0000000000000001>']",5683284104,0.0830500602722168,1400000,1
AND,"['<0000000000000001>', 'rax']",37654698393,0.5486863454182943,1400000,1
OR,"['rax', 'rax']",5839816840,0.08669373194376627,1400000,1
OR,"['rax', 'rcx']",5255336209,0.07811245123545328,1400000,1
OR,"['rax', '0']",5712840840,0.08477323055267334,1400000,1
OR,"['rax', '<0000000000000001>']",6179749888,0.09038530190785726,1400000,1
OR,"['<0000000000000001>', 'rax']",38484143854,0.5609309593836467,1400000,1
XOR,"['rax', 'rax']",2611950387,0.03856948216756185,1400000,1
XOR,"['rax', 'rcx']",5645089723,0.08383992513020834,1400000,1
XOR,"['rax', '0']",5820872567,0.08636368115743001,1400000,1
XOR,"['rax', '<0000000000000001>']",5835613798,0.08527572154998779,1400000,1
XOR,"['<0000000000000001>', 'rax']",37601148928,0.5478501955668131,1400000,1
ADD,"['rax', 'rax']",5732713540,0.09073071479797364,1200000,1
ADD,"['rax', 'rcx']",6019693499,0.09505758285522461,1200000,1
ADD,"['rax', '0']",6407019997,0.10107184251149495,1200000,1
ADD,"['rax', '<0000000000000001>']",6108739447,0.09520112673441569,1200000,1
ADD,"['<0000000000000001>', 'rax']",41032439125,0.6375968853632609,1200000,1
SUB,"['rax', 'rax']",1796230348,0.02843753496805827,1200000,1
SUB,"['rax', 'rcx']",6335734306,0.0999923547108968,1200000,1
SUB,"['rax', '0']",6459064320,0.10181922117869059,1200000,1
SUB,"['rax', '<0000000000000001>']",5982759594,0.09311001300811768,1200000,1
SUB,"['<0000000000000001>', 'rax']",40606957568,0.6313240845998128,1200000,1
ADC,"['rax', 'rax']",12210748347,0.19279346466064454,1200000,1
ADC,"['rax', 'rcx']",12446988151,0.19649227460225424,1200000,1
ADC,"['rax', '0']",7774904866,0.12214116255442302,1200000,1
ADC,"['rax', '<0000000000000001>']",12070036002,0.18931703567504882,1200000,1
ADC,"['<0000000000000001>', 'rax']",47837800038,0.745365317662557,1200000,1
SBB,"['rax', 'rax']",12658254370,0.19963380495707195,1200000,1
SBB,"['rax', 'rcx']",11892383197,0.18787786960601807,1200000,1
SBB,"['rax', '0']",6544619383,0.1031573216120402,1200000,1
SBB,"['rax', '<0000000000000001>']",12251861265,0.19218146006266276,1200000,1
SBB,"['<0000000000000001>', 'rax']",45035589905,0.7023467938105266,1200000,1
AND,"['rax', 'rax']",5915825493,0.09350333213806153,1200000,1
AND,"['rax', 'rcx']",6404940322,0.10113030274709066,1200000,1
AND,"['rax', '0']",6135388569,0.09710379441579182,1200000,1
AND,"['rax', '<0000000000000001>']",5762783641,0.09000203609466553,1200000,1
AND,"['<0000000000000001>', 'rax']",41551549781,0.6461569627126058,1200000,1
OR,"['rax', 'rax']",6233530914,0.09847835699717204,1200000,1
OR,"['rax', 'rcx']",5673549824,0.0899003028869629,1200000,1
OR,"['rax', '0']",6178192315,0.09767045974731445,1200000,1
OR,"['rax', '<0000000000000001>']",6465198489,0.10090602238972982,1200000,1
OR,"['<0000000000000001>', 'rax']",40417160942,0.628520115216573,1200000,1
XOR,"['rax', 'rax']",2087299754,0.0329043706258138,1200000,1
XOR,"['rax', 'rcx']",5737049838,0.09092730681101481,1200000,1
XOR,"['rax', '0']",6436897860,0.10163439114888509,1200000,1
XOR,"['rax', '<0000000000000001>']",6440556953,0.10024533271789551,1200000,1
XOR,"['<0000000000000001>', 'rax']",40136872209,0.6238797346750895,1200000,1
ADD,"['rax', 'rax']",4251859899,0.03349769910176595,3000000,2
ADD,"['rax', 'rcx']",4131271475,0.033487518628438316,3000000,2
ADD,"['rax', '0']",4271182097,0.03350146611531576,3000000,2
ADD,"['rax', '<0000000000000001>']",4273421243,0.033486469586690264,3000000,2
ADD,"['<0000000000000001>', 'rax']",28399357132,0.2178918202718099,3000000,2
SUB,"['rax', 'rax']",1263040375,0.010075648625691732,3000000,2
SUB,"['rax', 'rcx']",4256851558,0.03354019323984782,3000000,2
SUB,"['rax', '0']",4144778444,0.03352429072062175,3000000,2
SUB,"['rax', '<0000000000000001>']",4422461030,0.03354204495747884,3000000,2
SUB,"['<0000000000000001>', 'rax']",28878045184,0.22072049776713054,3000000,2
ADC,"['rax', 'rax']",8461442525,0.06699751218159994,3000000,2
ADC,"['rax', 'rcx']",8457527842,0.06699403921763102,3000000,2
ADC,"['rax', '0']",4167124036,0.03352644443511963,3000000,2
ADC,"['rax', '<0000000000000001>']",8594037145,0.0669853687286377,3000000,2
ADC,"['<0000000000000001>', 'rax']",31380314521,0.24186000029246013,3000000,2
SBB,"['rax', 'rax']",8408207633,0.06698339780171712,3000000,2
SBB,"['rax', 'rcx']",8531622843,0.06716368993123373,3000000,2
SBB,"['rax', '0']",4329740697,0.03353110154469808,3000000,2
SBB,"['rax', '<0000000000000001>']",8673451485,0.06698784033457438,3000000,2
SBB,"['<0000000000000001>', 'rax']",31234804940,0.23984946409861246,3000000,2
AND,"['rax', 'rax']",4267512081,0.033498128255208336,3000000,2
AND,"['rax', 'rcx']",4195228057,0.033539533615112305,3000000,2
AND,"['rax', '0']",4172124433,0.03352338473002116,3000000,2
AND,"['rax', '<0000000000000001>']",4421945480,0.033532992998758955,3000000,2
AND,"['<0000000000000001>', 'rax']",28839442295,0.22024067242940268,3000000,2
OR,"['rax', 'rax']",4208676044,0.033549928665161134,3000000,2
OR,"['rax', 'rcx']",4333270903,0.03354890346527099,3000000,2
OR,"['rax', '0']",4205877657,0.03350499471028646,3000000,2
OR,"['rax', '<0000000000000001>']",4467825049,0.0335037628809611,3000000,2
OR,"['<0000000000000001>', 'rax']",29109245269,0.22072488466898602,3000000,2
XOR,"['rax', 'rax']",1274821563,0.010115861892700195,3000000,2
XOR,"['rax', 'rcx']",4253371596,0.03349707921346028,3000000,2
XOR,"['rax', '0']",4269790549,0.033528590202331544,3000000,2
XOR,"['rax', '<0000000000000001>']",4344010069,0.03348994255065918,3000000,2
XOR,"['<0000000000000001>', 'rax']",29171493546,0.2211814800898234,3000000,2
ADD,"['rax', 'rax']",4183717751,0.03593496481577555,2800000,2
ADD,"['rax', 'rcx']",4269563357,0.03590954939524333,2800000,2
ADD,"['rax', '0']",4181732010,0.035908293724060056,2800000,2
ADD,"['rax', '<0000000000000001>']",4399532168,0.03589436213175456,2800000,2
ADD,"['<0000000000000001>', 'rax']",28768977988,0.2360636870066325,2800000,2
SUB,"['rax', 'rax']",1255274359,0.010791611671447755,2800000,2
SUB,"['rax', 'rcx']",4173234176,0.03589278062184652,2800000,2
SUB,"['rax', '0']",4288920507,0.03590751489003499,2800000,2
SUB,"['rax', '<0000000000000001>']",4323604343,0.03589222431182861,2800000,2
SUB,"['<0000000000000001>', 'rax']",28968135338,0.2369197448094686,2800000,2
ADC,"['rax', 'rax']",8462412458,0.07175739606221516,2800000,2
ADC,"['rax', 'rcx']",8461955891,0.07175934314727783,2800000,2
ADC,"['rax', '0']",4168710007,0.03588391939798991,2800000,2
ADC,"['rax', '<0000000000000001>']",8634783061,0.07182207902272543,2800000,2
ADC,"['<0000000000000001>', 'rax']",31886695901,0.2629932244618734,2800000,2
SBB,"['rax', 'rax']",8475462860,0.07183093229929606,2800000,2
SBB,"['rax', 'rcx']",8466493166,0.07175219058990479,2800000,2
SBB,"['rax', '0']",4181413068,0.03589011033376058,2800000,2
SBB,"['rax', '<0000000000000001>']",8599585860,0.07173256079355876,2800000,2
SBB,"['<0000000000000001>', 'rax']",31824183296,0.26236239274342854,2800000,2
AND,"['rax', 'rax']",4181974493,0.03588096300760905,2800000,2
AND,"['rax', 'rcx']",4308299502,0.03592122395833333,2800000,2
AND,"['rax', '0']",4209827293,0.03593900203704834,2800000,2
AND,"['rax', '<0000000000000001>']",4422030677,0.035929322242736816,2800000,2
AND,"['<0000000000000001>', 'rax']",29061971968,0.2379712422688802,2800000,2
OR,"['rax', 'rax']",4258112034,0.035902976989746094,2800000,2
OR,"['rax', 'rcx']",4207039829,0.03592023054758708,2800000,2
OR,"['rax', '0']",4248746939,0.03589967886606852,2800000,2
OR,"['rax', '<0000000000000001>']",4327398877,0.03595426877339681,2800000,2
OR,"['<0000000000000001>', 'rax']",28700774673,0.23570701281229656,2800000,2
XOR,"['rax', 'rax']",1257793126,0.01079278786977132,2800000,2
XOR,"['rax', 'rcx']",4302702728,0.03592084248860677,2800000,2
XOR,"['rax', '0']",4177454694,0.03588717778523763,2800000,2
XOR,"['rax', '<0000000000000001>']",4436000768,0.03598108291625977,2800000,2
XOR,"['<0000000000000001>', 'rax']",29312258321,0.23804816404978435,2800000,2
ADD,"['rax', 'rax']",4328558865,0.0387052059173584,2600000,2
ADD,"['rax', 'rcx']",4204966707,0.03872373898824056,2600000,2
ADD,"['rax', '0']",4410865527,0.03950979709625244,2600000,2
ADD,"['rax', '<0000000000000001>']",4350963438,0.03886245886484782,2600000,2
ADD,"['<0000000000000001>', 'rax']",29047901388,0.25494044621785483,2600000,2
SUB,"['rax', 'rax']",1258929083,0.01167146364847819,2600000,2
SUB,"['rax', 'rcx']",4211727837,0.0387362003326416,2600000,2
SUB,"['rax', '0']",4250435584,0.03880580266316732,2600000,2
SUB,"['rax', '<0000000000000001>']",4408521523,0.0387282927831014,2600000,2
SUB,"['<0000000000000001>', 'rax']",28826477090,0.25428773562113444,2600000,2
ADC,"['rax', 'rax']",8467358242,0.07735825379689534,2600000,2
ADC,"['rax', 'rcx']",8453488640,0.07728638648986816,2600000,2
ADC,"['rax', '0']",4292225706,0.03869326114654541,2600000,2
ADC,"['rax', '<0000000000000001>']",8605114914,0.0773242712020874,2600000,2
ADC,"['<0000000000000001>', 'rax']",31831263368,0.28326361179351806,2600000,2
SBB,"['rax', 'rax']",8455983377,0.07728084723154703,2600000,2
SBB,"['rax', 'rcx']",8450814771,0.0773011843363444,2600000,2
SBB,"['rax', '0']",4176074069,0.038678216934204104,2600000,2
SBB,"['rax', '<0000000000000001>']",8573135530,0.07725090980529785,2600000,2
SBB,"['<0000000000000001>', 'rax']",31475496823,0.27939349015553794,2600000,2
AND,"['rax', 'rax']",4312911052,0.03867383003234863,2600000,2
AND,"['rax', 'rcx']",4199302212,0.0386476198832194,2600000,2
AND,"['rax', '0']",4308915541,0.03866554896036784,2600000,2
AND,"['rax', '<0000000000000001>']",4326774101,0.038658984502156574,2600000,2
AND,"['<0000000000000001>', 'rax']",28817904981,0.2528159856796265,2600000,2
OR,"['rax', 'rax']",4194454732,0.038658738136291504,2600000,2
OR,"['rax', 'rcx']",4300990054,0.0386551300684611,2600000,2
OR,"['rax', '0']",4198668697,0.03867394924163818,2600000,2
OR,"['rax', '<0000000000000001>']",4433250440,0.03873500823974609,2600000,2
OR,"['<0000000000000001>', 'rax']",28809697689,0.253644323348999,2600000,2
XOR,"['rax', 'rax']",1263831176,0.011623517672220866,2600000,2
XOR,"['rax', 'rcx']",4302259268,0.03866575558980306,2600000,2
XOR,"['rax', '0']",4226204740,0.03874021371205648,2600000,2
XOR,"['rax', '<0000000000000001>']",4433291946,0.03870143095652263,2600000,2
XOR,"['<0000000000000001>', 'rax']",28945999462,0.2547522703806559,2600000,2
ADD,"['rax', 'rax']",4278216294,0.04201303323109944,2400000,2
ADD,"['rax', 'rcx']",4307705309,0.041896947224934894,2400000,2
ADD,"['rax', '0']",4192497390,0.04195395310719808,2400000,2
ADD,"['rax', '<0000000000000001>']",4418511394,0.04193266232808431,2400000,2
ADD,"['<0000000000000001>', 'rax']",28842210099,0.27548404534657794,2400000,2
SUB,"['rax', 'rax']",1311213704,0.012623230616251627,2400000,2
SUB,"['rax', 'rcx']",4181891481,0.041935133934021,2400000,2
SUB,"['rax', '0']",4306182690,0.04195197423299154,2400000,2
SUB,"['rax', '<0000000000000001>']",4304303991,0.04192398389180501,2400000,2
SUB,"['<0000000000000001>', 'rax']",28986806545,0.2764674743016561,2400000,2
ADC,"['rax', 'rax']",8480511317,0.08379010359446208,2400000,2
ADC,"['rax', 'rcx']",8524121156,0.08385753631591797,2400000,2
ADC,"['rax', '0']",4300402414,0.04200309912363688,2400000,2
ADC,"['rax', '<0000000000000001>']",8640810188,0.08394351800282797,2400000,2
ADC,"['<0000000000000001>', 'rax']",31514615261,0.30310327212015786,2400000,2
SBB,"['rax', 'rax']",8484668484,0.08376232782999675,2400000,2
SBB,"['rax', 'rcx']",8521466948,0.08386875788370768,2400000,2
SBB,"['rax', '0']",4287725568,0.04192549387613932,2400000,2
SBB,"['rax', '<0000000000000001>']",8621752320,0.08380381266276042,2400000,2
SBB,"['<0000000000000001>', 'rax']",31514309427,0.3025808572769165,2400000,2
AND,"['rax', 'rax']",4313498692,0.0419739564259847,2400000,2
AND,"['rax', 'rcx']",4214718464,0.04192654291788737,2400000,2
AND,"['rax', '0']",4305105715,0.041942930221557616,2400000,2
AND,"['rax', '<0000000000000001>']",4360741410,0.04186878204345703,2400000,2
AND,"['<0000000000000001>', 'rax']",28965808810,0.27659984429677326,2400000,2
OR,"['rax', 'rax']",4306412066,0.041937581698099774,2400000,2
OR,"['rax', 'rcx']",4205294387,0.04188927014668783,2400000,2
OR,"['rax', '0']",4292579601,0.041930985450744626,2400000,2
OR,"['rax', '<0000000000000001>']",4372887415,0.04191494782765706,2400000,2
OR,"['<0000000000000001>', 'rax']",28958599850,0.27570600509643556,2400000,2
XOR,"['rax', 'rax']",1267018410,0.012591838836669922,2400000,2
XOR,"['rax', 'rcx']",4318769971,0.04189698696136475,2400000,2
XOR,"['rax', '0']",4319313920,0.04190192222595215,2400000,2
XOR,"['rax', '<0000000000000001>']",4308345378,0.041919159889221194,2400000,2
XOR,"['<0000000000000001>', 'rax']",29048528349,0.2761045058568319,2400000,2
ADD,"['rax', 'rax']",4365300531,0.045821642875671385,2200000,2
ADD,"['rax', 'rcx']",4288557875,0.0457619825998942,2200000,2
ADD,"['rax', '0']",4372642747,0.04577818711598714,2200000,2
ADD,"['rax', '<0000000000000001>']",4364642986,0.045684035619099936,2200000,2
ADD,"['<0000000000000001>', 'rax']",29189253802,0.2993612209955851,2200000,2
SUB,"['rax', 'rax']",1378152174,0.013749472300211589,2200000,2
SUB,"['rax', 'rcx']",4328058606,0.0461572249730428,2200000,2
SUB,"['rax', '0']",4375141853,0.04575498104095459,2200000,2
SUB,"['rax', '<0000000000000001>']",4393437320,0.045708354314168295,2200000,2
SUB,"['<0000000000000001>', 'rax']",29272932352,0.29931391080220543,2200000,2
ADC,"['rax', 'rax']",8738201053,0.09135485490163167,2200000,2
ADC,"['rax', 'rcx']",8708364697,0.0915330171585083,2200000,2
ADC,"['rax', '0']",4342242781,0.04568817615509033,2200000,2
ADC,"['rax', '<0000000000000001>']",8815518242,0.09138158957163493,2200000,2
ADC,"['<0000000000000001>', 'rax']",31681188113,0.32647678852081297,2200000,2
SBB,"['rax', 'rax']",9054390408,0.09429392814636231,2200000,2
SBB,"['rax', 'rcx']",8763159347,0.09139719009399414,2200000,2
SBB,"['rax', '0']",4283277858,0.045686737696329756,2200000,2
SBB,"['rax', '<0000000000000001>']",8770108347,0.09132094383239746,2200000,2
SBB,"['<0000000000000001>', 'rax']",31403450914,0.32277238368988037,2200000,2
AND,"['rax', 'rax']",4271009518,0.04567097822825114,2200000,2
AND,"['rax', 'rcx']",4375436765,0.04569883346557617,2200000,2
AND,"['rax', '0']",4377295803,0.045700478553771975,2200000,2
AND,"['rax', '<0000000000000001>']",4389806626,0.045749831199646,2200000,2
AND,"['<0000000000000001>', 'rax']",29527037269,0.30160054365793865,2200000,2
OR,"['rax', 'rax']",4392301363,0.04576690991719564,2200000,2
OR,"['rax', 'rcx']",4295865139,0.045673004786173504,2200000,2
OR,"['rax', '0']",4356173550,0.045688819885253903,2200000,2
OR,"['rax', '<0000000000000001>']",4483772142,0.045689026514689125,2200000,2
OR,"['<0000000000000001>', 'rax']",29472546269,0.30112071832021076,2200000,2
XOR,"['rax', 'rax']",1283546589,0.013738727569580078,2200000,2
XOR,"['rax', 'rcx']",4346705783,0.045687238375345864,2200000,2
XOR,"['rax', '0']",4824266615,0.046799325942993165,2200000,2
XOR,"['rax', '<0000000000000001>']",4548095726,0.04579399426778157,2200000,2
XOR,"['<0000000000000001>', 'rax']",29363953117,0.30093106428782146,2200000,2
ADD,"['rax', 'rax']",4431723451,0.05030265649159749,2000000,2
ADD,"['rax', 'rcx']",4394627891,0.050247963269551596,2000000,2
ADD,"['rax', '0']",4491193002,0.050389456748962405,2000000,2
ADD,"['rax', '<0000000000000001>']",4601258530,0.0505362590154012,2000000,2
ADD,"['<0000000000000001>', 'rax']",30047747003,0.33141483465830485,2000000,2
SUB,"['rax', 'rax']",1316456584,0.0151122252146403,2000000,2
SUB,"['rax', 'rcx']",4471385838,0.05027543703715007,2000000,2
SUB,"['rax', '0']",4427570653,0.05035659472147624,2000000,2
SUB,"['rax', '<0000000000000001>']",4550350165,0.05027971267700195,2000000,2
SUB,"['<0000000000000001>', 'rax']",30062186769,0.3304378271102905,2000000,2
ADC,"['rax', 'rax']",8911178956,0.10056553681691488,2000000,2
ADC,"['rax', 'rcx']",8875798254,0.10049050649007162,2000000,2
ADC,"['rax', '0']",4475029640,0.05027170181274414,2000000,2
ADC,"['rax', '<0000000000000001>']",8978318404,0.10046748320261638,2000000,2
ADC,"['<0000000000000001>', 'rax']",32580837922,0.3605359077453613,2000000,2
SBB,"['rax', 'rax']",8881229004,0.10059542655944824,2000000,2
SBB,"['rax', 'rcx']",8982099831,0.100668470064799,2000000,2
SBB,"['rax', '0']",4386254574,0.05026089350382487,2000000,2
SBB,"['rax', '<0000000000000001>']",9055369079,0.10048267046610514,2000000,2
SBB,"['<0000000000000001>', 'rax']",32278391466,0.35835711161295575,2000000,2
AND,"['rax', 'rax']",4494806220,0.05034488836924235,2000000,2
AND,"['rax', 'rcx']",4484410026,0.050260035196940105,2000000,2
AND,"['rax', '0']",4387818700,0.05025568008422852,2000000,2
AND,"['rax', '<0000000000000001>']",4581844582,0.05026834805806478,2000000,2
AND,"['<0000000000000001>', 'rax']",30157491404,0.33207263946533205,2000000,2
OR,"['rax', 'rax']",4466938129,0.05027938683827718,2000000,2
OR,"['rax', 'rcx']",4465384925,0.05026396115620931,2000000,2
OR,"['rax', '0']",4400910609,0.0502658208211263,2000000,2
OR,"['rax', '<0000000000000001>']",4555617075,0.05037245750427246,2000000,2
OR,"['<0000000000000001>', 'rax']",30158972518,0.33137795130411785,2000000,2
XOR,"['rax', 'rax']",1349167786,0.015119973818461101,2000000,2
XOR,"['rax', 'rcx']",4387995648,0.050249576568603516,2000000,2
XOR,"['rax', '0']",4481755818,0.05026530424753825,2000000,2
XOR,"['rax', '<0000000000000001>']",4579454702,0.0502651850382487,2000000,2
XOR,"['<0000000000000001>', 'rax']",30017661610,0.3308258056640625,2000000,2
ADD,"['rax', 'rax']",4634266828,0.05617983341217041,1800000,2
ADD,"['rax', 'rcx']",4612423680,0.05593264102935791,1800000,2
ADD,"['rax', '0']",4507773610,0.05590044657389323,1800000,2
ADD,"['rax', '<0000000000000001>']",4698339191,0.05586020946502686,1800000,2
ADD,"['<0000000000000001>', 'rax']",31008094071,0.36822107632954915,1800000,2
SUB,"['rax', 'rax']",1358639923,0.016790350278218586,1800000,2
SUB,"['rax', 'rcx']",4616934741,0.055925329526265465,1800000,2
SUB,"['rax', '0']",4635061998,0.05591270923614502,1800000,2
SUB,"['rax', '<0000000000000001>']",4620803549,0.05583986441294352,1800000,2
SUB,"['<0000000000000001>', 'rax']",30920778274,0.36739500363667804,1800000,2
ADC,"['rax', 'rax']",9201221632,0.11175509293874104,1800000,2
ADC,"['rax', 'rcx']",9098052676,0.1116172711054484,1800000,2
ADC,"['rax', '0']",4624560947,0.05602904955546061,1800000,2
ADC,"['rax', '<0000000000000001>']",9218566826,0.11187902291615805,1800000,2
ADC,"['<0000000000000001>', 'rax']",33691594478,0.40276365280151366,1800000,2
SBB,"['rax', 'rax']",9178218496,0.11177504857381185,1800000,2
SBB,"['rax', 'rcx']",9133804748,0.11170515219370523,1800000,2
SBB,"['rax', '0']",4612133137,0.05592166582743327,1800000,2
SBB,"['rax', '<0000000000000001>']",9363713774,0.11196828683217366,1800000,2
SBB,"['<0000000000000001>', 'rax']",33390200968,0.3995721181233724,1800000,2
AND,"['rax', 'rax']",4662331528,0.05641794204711914,1800000,2
AND,"['rax', 'rcx']",4527124206,0.05590239365895589,1800000,2
AND,"['rax', '0']",4621183658,0.055951134363810225,1800000,2
AND,"['rax', '<0000000000000001>']",4706529006,0.055875150362650554,1800000,2
AND,"['<0000000000000001>', 'rax']",30943571694,0.36744688351949056,1800000,2
OR,"['rax', 'rax']",4525972957,0.055899858474731445,1800000,2
OR,"['rax', 'rcx']",4609138141,0.05595173835754395,1800000,2
OR,"['rax', '0']",4602580172,0.055901590983072916,1800000,2
OR,"['rax', '<0000000000000001>']",4675630967,0.05585416158040365,1800000,2
OR,"['<0000000000000001>', 'rax']",30876510890,0.367224113146464,1800000,2
XOR,"['rax', 'rax']",1433816268,0.01689608097076416,1800000,2
XOR,"['rax', 'rcx']",4540185531,0.056002473831176756,1800000,2
XOR,"['rax', '0']",4607536878,0.05586592356363932,1800000,2
XOR,"['rax', '<0000000000000001>']",4711129634,0.05587907632191976,1800000,2
XOR,"['<0000000000000001>', 'rax']",30872157115,0.3670668681462606,1800000,2
ADD,"['rax', 'rax']",4749975005,0.06283651987711589,1600000,2
ADD,"['rax', 'rcx']",4838927018,0.06298699378967285,1600000,2
ADD,"['rax', '0']",4854378222,0.06314924558003744,1600000,2
ADD,"['rax', '<0000000000000001>']",4933914897,0.06304019292195638,1600000,2
ADD,"['<0000000000000001>', 'rax']",32459473988,0.41517617702484133,1600000,2
SUB,"['rax', 'rax']",1450932087,0.01895600159962972,1600000,2
SUB,"['rax', 'rcx']",4816078984,0.06312314669291179,1600000,2
SUB,"['rax', '0']",4825929045,0.062919020652771,1600000,2
SUB,"['rax', '<0000000000000001>']",4922596829,0.06287186940511068,1600000,2
SUB,"['<0000000000000001>', 'rax']",32769596893,0.41455593903859456,1600000,2
ADC,"['rax', 'rax']",9768062156,0.12673584620157877,1600000,2
ADC,"['rax', 'rcx']",9597030673,0.12573761940002443,1600000,2
ADC,"['rax', '0']",4837406583,0.06325708230336508,1600000,2
ADC,"['rax', '<0000000000000001>']",9725548953,0.1257431427637736,1600000,2
ADC,"['<0000000000000001>', 'rax']",35623501824,0.4574124892552694,1600000,2
SBB,"['rax', 'rax']",9654483899,0.12664204438527424,1600000,2
SBB,"['rax', 'rcx']",9665218696,0.12592159907023112,1600000,2
SBB,"['rax', '0']",4823301051,0.06289706230163575,1600000,2
SBB,"['rax', '<0000000000000001>']",9662710852,0.1257091283798218,1600000,2
SBB,"['<0000000000000001>', 'rax']",35391899784,0.4548069874445597,1600000,2
AND,"['rax', 'rax']",4841775650,0.06302664279937745,1600000,2
AND,"['rax', 'rcx']",4827724731,0.06300852298736573,1600000,2
AND,"['rax', '0']",4837325755,0.06301391124725342,1600000,2
AND,"['rax', '<0000000000000001>']",4854467788,0.06287740071614584,1600000,2
AND,"['<0000000000000001>', 'rax']",32314307379,0.41311957836151125,1600000,2
OR,"['rax', 'rax']",4808439671,0.06288936138153076,1600000,2
OR,"['rax', 'rcx']",4725862126,0.06280672550201416,1600000,2
OR,"['rax', '0']",4805988625,0.0628209908803304,1600000,2
OR,"['rax', '<0000000000000001>']",4916176486,0.06288261413574218,1600000,2
OR,"['<0000000000000001>', 'rax']",32323746747,0.4142554442087809,1600000,2
XOR,"['rax', 'rax']",1505918976,0.01895859241485596,1600000,2
XOR,"['rax', 'rcx']",4736815377,0.06287080446879069,1600000,2
XOR,"['rax', '0']",4817020518,0.06286029815673828,1600000,2
XOR,"['rax', '<0000000000000001>']",4920156706,0.06294082800547282,1600000,2
XOR,"['<0000000000000001>', 'rax']",32451037320,0.4152181069056193,1600000,2
ADD,"['rax', 'rax']",5152381337,0.0720797856648763,1400000,2
ADD,"['rax', 'rcx']",5200366796,0.07254667282104492,1400000,2
ADD,"['rax', '0']",5178748654,0.07202703952789306,1400000,2
ADD,"['rax', '<0000000000000001>']",5242692130,0.0718554417292277,1400000,2
ADD,"['<0000000000000001>', 'rax']",34833211938,0.47560739517211914,1400000,2
SUB,"['rax', 'rax']",1546383086,0.02191926638285319,1400000,2
SUB,"['rax', 'rcx']",5194549384,0.07255486647288005,1400000,2
SUB,"['rax', '0']",5159343445,0.0719564437866211,1400000,2
SUB,"['rax', '<0000000000000001>']",5245739554,0.07207562923431396,1400000,2
SUB,"['<0000000000000001>', 'rax']",35468943906,0.48384291330973306,1400000,2
ADC,"['rax', 'rax']",10302977911,0.1437430699666341,1400000,2
ADC,"['rax', 'rcx']",10306840166,0.1438202460606893,1400000,2
ADC,"['rax', '0']",5195134839,0.07250231901804606,1400000,2
ADC,"['rax', '<0000000000000001>']",10345377518,0.143983260790507,1400000,2
ADC,"['<0000000000000001>', 'rax']",37430045354,0.5155019839604695,1400000,2
SBB,"['rax', 'rax']",10294619886,0.14397860368092855,1400000,2
SBB,"['rax', 'rcx']",10284575402,0.1440575361251831,1400000,2
SBB,"['rax', '0']",5111827660,0.07193582057952881,1400000,2
SBB,"['rax', '<0000000000000001>']",10427719133,0.14438490867614745,1400000,2
SBB,"['<0000000000000001>', 'rax']",37796090129,0.5189887921015421,1400000,2
AND,"['rax', 'rax']",5149095799,0.07184123992919922,1400000,2
AND,"['rax', 'rcx']",5114071176,0.07184797922770182,1400000,2
AND,"['rax', '0']",5098062916,0.07190710703531901,1400000,2
AND,"['rax', '<0000000000000001>']",5249029461,0.07196195125579834,1400000,2
AND,"['<0000000000000001>', 'rax']",34481748923,0.47224949995676674,1400000,2
OR,"['rax', 'rax']",5197944149,0.07247138023376465,1400000,2
OR,"['rax', 'rcx']",5159092224,0.07201689084370931,1400000,2
OR,"['rax', '0']",5155153510,0.07212695280710855,1400000,2
OR,"['rax', '<0000000000000001>']",5243651140,0.07219879627227783,1400000,2
OR,"['<0000000000000001>', 'rax']",34517712896,0.47372705141703286,1400000,2
XOR,"['rax', 'rax']",1536107042,0.021637646357218425,1400000,2
XOR,"['rax', 'rcx']",5206693205,0.07274735768636068,1400000,2
XOR,"['rax', '0']",5148016640,0.0720873753229777,1400000,2
XOR,"['rax', '<0000000000000001>']",5269500723,0.07221221129099528,1400000,2
XOR,"['<0000000000000001>', 'rax']",34716911752,0.4761446158091227,1400000,2
ADD,"['rax', 'rax']",5610952021,0.08400352795918782,1200000,2
ADD,"['rax', 'rcx']",6295318254,0.09334487120310465,1200000,2
ADD,"['rax', '0']",5636694562,0.08412307103474935,1200000,2
ADD,"['rax', '<0000000000000001>']",5704548352,0.08384107748667399,1200000,2
ADD,"['<0000000000000001>', 'rax']",37904984746,0.5557300567626953,1200000,2
SUB,"['rax', 'rax']",1664885282,0.02523807684580485,1200000,2
SUB,"['rax', 'rcx']",5630798506,0.08419419924418131,1200000,2
SUB,"['rax', '0']",5635084561,0.08418009281158448,1200000,2
SUB,"['rax', '<0000000000000001>']",5700273220,0.08397827943166097,1200000,2
SUB,"['<0000000000000001>', 'rax']",37663628765,0.5529298226038615,1200000,2
ADC,"['rax', 'rax']",11248175240,0.16836717128753662,1200000,2
ADC,"['rax', 'rcx']",11207549474,0.1676882266998291,1200000,2
ADC,"['rax', '0']",5622637090,0.08412230809529622,1200000,2
ADC,"['rax', '<0000000000000001>']",11312734754,0.16825423240661622,1200000,2
ADC,"['<0000000000000001>', 'rax']",40363102481,0.5959663073221843,1200000,2
SBB,"['rax', 'rax']",11199971328,0.16770013173421225,1200000,2
SBB,"['rax', 'rcx']",11229993369,0.16799447536468506,1200000,2
SBB,"['rax', '0']",5666163916,0.08469220002492268,1200000,2
SBB,"['rax', '<0000000000000001>']",11303229849,0.1677450180053711,1200000,2
SBB,"['<0000000000000001>', 'rax']",40247931699,0.59445215066274,1200000,2
AND,"['rax', 'rax']",5612728046,0.08404411474863688,1200000,2
AND,"['rax', 'rcx']",5663662626,0.08469288349151612,1200000,2
AND,"['rax', '0']",5598897766,0.08396623929341634,1200000,2
AND,"['rax', '<0000000000000001>']",5685885883,0.0839483658472697,1200000,2
AND,"['<0000000000000001>', 'rax']",37579141939,0.5539178371429443,1200000,2
OR,"['rax', 'rax']",5624542003,0.0842525561650594,1200000,2
OR,"['rax', 'rcx']",5630647773,0.08427323500315348,1200000,2
OR,"['rax', '0']",5653974220,0.08439666430155436,1200000,2
OR,"['rax', '<0000000000000001>']",5900059716,0.08714640935262044,1200000,2
OR,"['<0000000000000001>', 'rax']",37542505130,0.5538447539011637,1200000,2
XOR,"['rax', 'rax']",1794843170,0.02625437577565511,1200000,2
XOR,"['rax', 'rcx']",5627550105,0.08428330421447754,1200000,2
XOR,"['rax', '0']",5604372206,0.08403133551279704,1200000,2
XOR,"['rax', '<0000000000000001>']",5674814668,0.08393380641937256,1200000,2
XOR,"['<0000000000000001>', 'rax']",37484588782,0.5523295323053996,1200000,2
ADD,"['rax', 'rax']",4541719074,0.033523066838582354,3000000,3
ADD,"['rax', 'rcx']",4554328200,0.03351438045501709,3000000,3
ADD,"['rax', '0']",4611102037,0.03350990613301595,3000000,3
ADD,"['rax', '<0000000000000001>']",4703499059,0.03361739317576091,3000000,3
ADD,"['<0000000000000001>', 'rax']",31106996633,0.21924752394358318,3000000,3
SUB,"['rax', 'rax']",1494539741,0.010080488522847493,3000000,3
SUB,"['rax', 'rcx']",4540408354,0.03350976308186849,3000000,3
SUB,"['rax', '0']",4613046272,0.033508555094401045,3000000,3
SUB,"['rax', '<0000000000000001>']",4729787733,0.033581988016764326,3000000,3
SUB,"['<0000000000000001>', 'rax']",31334273297,0.22133680979410808,3000000,3
ADC,"['rax', 'rax']",9136784452,0.06695998509724935,3000000,3
ADC,"['rax', 'rcx']",9134510353,0.06695988972981771,3000000,3
ADC,"['rax', '0']",4498928435,0.03350148995717366,3000000,3
ADC,"['rax', '<0000000000000001>']",9276664490,0.06695454120635987,3000000,3
ADC,"['<0000000000000001>', 'rax']",34368474316,0.24479099114735922,3000000,3
SBB,"['rax', 'rax']",9132378248,0.06695464452107748,3000000,3
SBB,"['rax', 'rcx']",9126759628,0.06695779959360758,3000000,3
SBB,"['rax', '0']",4537055095,0.03349985281626384,3000000,3
SBB,"['rax', '<0000000000000001>']",9263670886,0.06695823669433594,3000000,3
SBB,"['<0000000000000001>', 'rax']",33476291242,0.23947360515594482,3000000,3
AND,"['rax', 'rax']",4627774395,0.033505702018737794,3000000,3
AND,"['rax', 'rcx']",4487695564,0.03349887530008952,3000000,3
AND,"['rax', '0']",4662097783,0.0335403045018514,3000000,3
AND,"['rax', '<0000000000000001>']",4675766408,0.033508555094401045,3000000,3
AND,"['<0000000000000001>', 'rax']",30997429179,0.2197696050008138,3000000,3
OR,"['rax', 'rax']",4629157205,0.03350082238515218,3000000,3
OR,"['rax', 'rcx']",4492123613,0.03349508444468181,3000000,3
OR,"['rax', '0']",4603624379,0.033493391672770184,3000000,3
OR,"['rax', '<0000000000000001>']",4640999560,0.03349936008453369,3000000,3
OR,"['<0000000000000001>', 'rax']",31159469124,0.22161231835683187,3000000,3
XOR,"['rax', 'rax']",1350388940,0.010073312123616536,3000000,3
XOR,"['rax', 'rcx']",4616181077,0.033502451578776044,3000000,3
XOR,"['rax', '0']",4487542647,0.033495426177978516,3000000,3
XOR,"['rax', '<0000000000000001>']",4758031564,0.033511900901794435,3000000,3
XOR,"['<0000000000000001>', 'rax']",31213206459,0.221740984916687,3000000,3
ADD,"['rax', 'rax']",4518399180,0.035945804913838704,2800000,3
ADD,"['rax', 'rcx']",4620936806,0.03590394655863444,2800000,3
ADD,"['rax', '0']",4497796846,0.03589011828104655,2800000,3
ADD,"['rax', '<0000000000000001>']",4748555059,0.03589819272359212,2800000,3
ADD,"['<0000000000000001>', 'rax']",30810697454,0.23500413894653321,2800000,3
SUB,"['rax', 'rax']",1356370193,0.010799837112426759,2800000,3
SUB,"['rax', 'rcx']",4619593318,0.035893797874450684,2800000,3
SUB,"['rax', '0']",4507867545,0.035896682739257814,2800000,3
SUB,"['rax', '<0000000000000001>']",4745579724,0.035897986094156904,2800000,3
SUB,"['<0000000000000001>', 'rax']",31221627835,0.23558158079783123,2800000,3
ADC,"['rax', 'rax']",9118633164,0.07174785137176513,2800000,3
ADC,"['rax', 'rcx']",9134682931,0.07174564997355143,2800000,3
ADC,"['rax', '0']",4513427182,0.0358993927637736,2800000,3
ADC,"['rax', '<0000000000000001>']",9275159347,0.07175853252410888,2800000,3
ADC,"['<0000000000000001>', 'rax']",34311975731,0.26254370212554934,2800000,3
SBB,"['rax', 'rax']",9142188987,0.07174945672353109,2800000,3
SBB,"['rax', 'rcx']",9165277320,0.07174826463063558,2800000,3
SBB,"['rax', '0']",4514355609,0.035889720916748045,2800000,3
SBB,"['rax', '<0000000000000001>']",9279275008,0.07174413998921712,2800000,3
SBB,"['<0000000000000001>', 'rax']",34414749286,0.26250972747802737,2800000,3
AND,"['rax', 'rax']",4551730790,0.0359040896097819,2800000,3
AND,"['rax', 'rcx']",4632997614,0.03590548833211263,2800000,3
AND,"['rax', '0']",4540777540,0.03590311209360759,2800000,3
AND,"['rax', '<0000000000000001>']",4774365320,0.03590170542399088,2800000,3
AND,"['<0000000000000001>', 'rax']",30895787212,0.2349957307179769,2800000,3
OR,"['rax', 'rax']",4629248955,0.03590368429819743,2800000,3
OR,"['rax', 'rcx']",4511362798,0.0359034538269043,2800000,3
OR,"['rax', '0']",4635820032,0.03590053717295329,2800000,3
OR,"['rax', '<0000000000000001>']",4652699921,0.035891326268514,2800000,3
OR,"['<0000000000000001>', 'rax']",31057309422,0.23598306973775227,2800000,3
XOR,"['rax', 'rax']",1436005171,0.010796928405761718,2800000,3
XOR,"['rax', 'rcx']",4545517977,0.035893758138020836,2800000,3
XOR,"['rax', '0']",4591404100,0.03589654763539632,2800000,3
XOR,"['rax', '<0000000000000001>']",4676314726,0.03590225378672282,2800000,3
XOR,"['<0000000000000001>', 'rax']",30909545403,0.234693439801534,2800000,3
ADD,"['rax', 'rax']",4587347421,0.03867781162261963,2600000,3
ADD,"['rax', 'rcx']",4467833787,0.03865495522816976,2600000,3
ADD,"['rax', '0']",4581363985,0.03865803082784017,2600000,3
ADD,"['rax', '<0000000000000001>']",4588773922,0.0386625607808431,2600000,3
ADD,"['<0000000000000001>', 'rax']",31005774097,0.25612502098083495,2600000,3
SUB,"['rax', 'rax']",1341869260,0.011632053057352702,2600000,3
SUB,"['rax', 'rcx']",4573757440,0.03865652879079183,2600000,3
SUB,"['rax', '0']",4474673561,0.03865806261698405,2600000,3
SUB,"['rax', '<0000000000000001>']",4709952170,0.038657553990681964,2600000,3
SUB,"['<0000000000000001>', 'rax']",30785236718,0.25415082772572833,2600000,3
ADC,"['rax', 'rax']",9084333806,0.07725795904795328,2600000,3
ADC,"['rax', 'rcx']",9099173341,0.0772629976272583,2600000,3
ADC,"['rax', '0']",4620508637,0.03866395950317383,2600000,3
ADC,"['rax', '<0000000000000001>']",9226970726,0.07727118333180745,2600000,3
ADC,"['<0000000000000001>', 'rax']",34102841617,0.28304009437561034,2600000,3
SBB,"['rax', 'rax']",9089449984,0.0772652546564738,2600000,3
SBB,"['rax', 'rcx']",9088768409,0.07726716995239258,2600000,3
SBB,"['rax', '0']",4492741836,0.038652197519938154,2600000,3
SBB,"['rax', '<0000000000000001>']",9216819200,0.077261487642924,2600000,3
SBB,"['<0000000000000001>', 'rax']",34047998907,0.28210020860036217,2600000,3
AND,"['rax', 'rax']",4617976763,0.03866252899169922,2600000,3
AND,"['rax', 'rcx']",4482810948,0.03865418434143066,2600000,3
AND,"['rax', '0']",4599777416,0.03866354624430338,2600000,3
AND,"['rax', '<0000000000000001>']",4617157563,0.03865252335866292,2600000,3
AND,"['<0000000000000001>', 'rax']",30916066235,0.25374422073364256,2600000,3
OR,"['rax', 'rax']",4529040042,0.03866306940714518,2600000,3
OR,"['rax', 'rcx']",4626701789,0.0386653741200765,2600000,3
OR,"['rax', '0']",4584273783,0.03869047959645589,2600000,3
OR,"['rax', '<0000000000000001>']",4735817045,0.03866810798645019,2600000,3
OR,"['<0000000000000001>', 'rax']",30781920597,0.2535243988037109,2600000,3
XOR,"['rax', 'rax']",1463980305,0.01163031260172526,2600000,3
XOR,"['rax', 'rcx']",4509335552,0.03867334524790446,2600000,3
XOR,"['rax', '0']",4611827302,0.038667949040730794,2600000,3
XOR,"['rax', '<0000000000000001>']",4644634624,0.0386624018351237,2600000,3
XOR,"['<0000000000000001>', 'rax']",31035649774,0.25432368119557697,2600000,3
ADD,"['rax', 'rax']",4555363669,0.04198769728342692,2400000,3
ADD,"['rax', 'rcx']",4655196842,0.04196662108103434,2400000,3
ADD,"['rax', '0']",4545640311,0.04196325937906901,2400000,3
ADD,"['rax', '<0000000000000001>']",4730504260,0.04192260901133219,2400000,3
ADD,"['<0000000000000001>', 'rax']",30990980437,0.27568326791127523,2400000,3
SUB,"['rax', 'rax']",1354257749,0.01259771188100179,2400000,3
SUB,"['rax', 'rcx']",4499714867,0.04187652269999186,2400000,3
SUB,"['rax', '0']",4704728951,0.041890652974446614,2400000,3
SUB,"['rax', '<0000000000000001>']",5436770440,0.04203553199768066,2400000,3
SUB,"['<0000000000000001>', 'rax']",32445200247,0.2764361540476481,2400000,3
ADC,"['rax', 'rax']",9299982199,0.08374807039896646,2400000,3
ADC,"['rax', 'rcx']",9257912456,0.08375139236450195,2400000,3
ADC,"['rax', '0']",4505822822,0.04187901814778646,2400000,3
ADC,"['rax', '<0000000000000001>']",9224438852,0.08370853265126546,2400000,3
ADC,"['<0000000000000001>', 'rax']",33268048418,0.2984825452168783,2400000,3
SBB,"['rax', 'rax']",9110771029,0.0837095022201538,2400000,3
SBB,"['rax', 'rcx']",9202691822,0.08370946248372396,2400000,3
SBB,"['rax', '0']",4504466227,0.04188154538472493,2400000,3
SBB,"['rax', '<0000000000000001>']",9230173252,0.0837321678797404,2400000,3
SBB,"['<0000000000000001>', 'rax']",33727211110,0.30268659591674807,2400000,3
AND,"['rax', 'rax']",4609085713,0.04188451766967773,2400000,3
AND,"['rax', 'rcx']",4586491084,0.04187156359354655,2400000,3
AND,"['rax', '0']",4513796369,0.04188053607940674,2400000,3
AND,"['rax', '<0000000000000001>']",4721733358,0.041891320546468096,2400000,3
AND,"['<0000000000000001>', 'rax']",30924599022,0.2753307263056437,2400000,3
OR,"['rax', 'rax']",4618485760,0.041883961359659834,2400000,3
OR,"['rax', 'rcx']",4600594432,0.04188225269317627,2400000,3
OR,"['rax', '0']",4519205273,0.04188394546508789,2400000,3
OR,"['rax', '<0000000000000001>']",4709759931,0.041885876655578615,2400000,3
OR,"['<0000000000000001>', 'rax']",30840262929,0.2755667527516683,2400000,3
XOR,"['rax', 'rax']",1463656994,0.01260095437367757,2400000,3
XOR,"['rax', 'rcx']",4504324232,0.04187635580698649,2400000,3
XOR,"['rax', '0']",4622804582,0.04188124338785807,2400000,3
XOR,"['rax', '<0000000000000001>']",4612639948,0.041881903012593584,2400000,3
XOR,"['<0000000000000001>', 'rax']",30864965632,0.274751615524292,2400000,3
ADD,"['rax', 'rax']",4684965478,0.04579020341237386,2200000,3
ADD,"['rax', 'rcx']",4572496964,0.0457571268081665,2200000,3
ADD,"['rax', '0']",4660402585,0.045778544743855794,2200000,3
ADD,"['rax', '<0000000000000001>']",4763757226,0.04568189779917399,2200000,3
ADD,"['<0000000000000001>', 'rax']",31118897971,0.2989218552907308,2200000,3
SUB,"['rax', 'rax']",1372301994,0.013752595583597819,2200000,3
SUB,"['rax', 'rcx']",4544893201,0.045677383740743004,2200000,3
SUB,"['rax', '0']",4662108706,0.045691633224487306,2200000,3
SUB,"['rax', '<0000000000000001>']",4761670997,0.04568190574645996,2200000,3
SUB,"['<0000000000000001>', 'rax']",31154248089,0.29969015916188557,2200000,3
ADC,"['rax', 'rax']",9226066329,0.09131992657979329,2200000,3
ADC,"['rax', 'rcx']",9227556181,0.09131342569986979,2200000,3
ADC,"['rax', '0']",4652691182,0.0456885576248169,2200000,3
ADC,"['rax', '<0000000000000001>']",9737627238,0.09225676854451498,2200000,3
ADC,"['<0000000000000001>', 'rax']",33687607705,0.32299185593922936,2200000,3
SBB,"['rax', 'rax']",9253989034,0.09132645130157471,2200000,3
SBB,"['rax', 'rcx']",9284644590,0.09132166703542073,2200000,3
SBB,"['rax', '0']",4576053384,0.0456846555074056,2200000,3
SBB,"['rax', '<0000000000000001>']",9425881224,0.09131728013356527,2200000,3
SBB,"['<0000000000000001>', 'rax']",33755859080,0.3270244836807251,2200000,3
AND,"['rax', 'rax']",4638712354,0.045685927073160805,2200000,3
AND,"['rax', 'rcx']",4560886169,0.045680832862854,2200000,3
AND,"['rax', '0']",4663299276,0.045695257186889646,2200000,3
AND,"['rax', '<0000000000000001>']",4669105766,0.045682366689046225,2200000,3
AND,"['<0000000000000001>', 'rax']",31140419993,0.2994523604710897,2200000,3
OR,"['rax', 'rax']",4657289625,0.04569223721822103,2200000,3
OR,"['rax', 'rcx']",4666980215,0.045688565572102866,2200000,3
OR,"['rax', '0']",4551296068,0.045682708422342934,2200000,3
OR,"['rax', '<0000000000000001>']",4765941760,0.045687445004781085,2200000,3
OR,"['<0000000000000001>', 'rax']",31163916834,0.29955035050710044,2200000,3
XOR,"['rax', 'rax']",1375200870,0.013751808802286785,2200000,3
XOR,"['rax', 'rcx']",4655428403,0.045695980389912925,2200000,3
XOR,"['rax', '0']",4561877947,0.04568235874176026,2200000,3
XOR,"['rax', '<0000000000000001>']",4756712106,0.04568553765614827,2200000,3
XOR,"['<0000000000000001>', 'rax']",31090485930,0.299073592821757,2200000,3
ADD,"['rax', 'rax']",4763866453,0.05035692056020101,2000000,3
ADD,"['rax', 'rcx']",4666573892,0.05028366247812907,2000000,3
ADD,"['rax', '0']",4752327748,0.05028154055277507,2000000,3
ADD,"['rax', '<0000000000000001>']",4846944256,0.05025947093963623,2000000,3
ADD,"['<0000000000000001>', 'rax']",31962739507,0.3326676607131958,2000000,3
SUB,"['rax', 'rax']",1400296789,0.015124742190043132,2000000,3
SUB,"['rax', 'rcx']",4747674692,0.05025949478149414,2000000,3
SUB,"['rax', '0']",4750206566,0.05026694138844808,2000000,3
SUB,"['rax', '<0000000000000001>']",4732647287,0.050253891944885255,2000000,3
SUB,"['<0000000000000001>', 'rax']",31944987989,0.33117915789286295,2000000,3
ADC,"['rax', 'rax']",9395181977,0.10045090516408285,2000000,3
ADC,"['rax', 'rcx']",9407581388,0.10049065748850504,2000000,3
ADC,"['rax', '0']",4755567411,0.05027539730072021,2000000,3
ADC,"['rax', '<0000000000000001>']",9490770602,0.10045116742451986,2000000,3
ADC,"['<0000000000000001>', 'rax']",35152016179,0.3674251715342204,2000000,3
SBB,"['rax', 'rax']",9484957559,0.10045539538065593,2000000,3
SBB,"['rax', 'rcx']",9398142020,0.10047071774800619,2000000,3
SBB,"['rax', '0']",4736856883,0.05026670296986898,2000000,3
SBB,"['rax', '<0000000000000001>']",9486017058,0.10046238899230957,2000000,3
SBB,"['<0000000000000001>', 'rax']",35103696486,0.3667861302693685,2000000,3
AND,"['rax', 'rax']",4660101120,0.0502548615137736,2000000,3
AND,"['rax', 'rcx']",4732531507,0.05026460488637288,2000000,3
AND,"['rax', '0']",4741876940,0.050272011756896974,2000000,3
AND,"['rax', '<0000000000000001>']",4800815650,0.050269095102945964,2000000,3
AND,"['<0000000000000001>', 'rax']",32030449117,0.3324909051259359,2000000,3
OR,"['rax', 'rax']",4717045350,0.050260059038798016,2000000,3
OR,"['rax', 'rcx']",4640359492,0.050247748692830406,2000000,3
OR,"['rax', '0']",4734986922,0.050260337193806966,2000000,3
OR,"['rax', '<0000000000000001>']",4844134946,0.05025895436604818,2000000,3
OR,"['<0000000000000001>', 'rax']",31842432887,0.3312157392501831,2000000,3
XOR,"['rax', 'rax']",1399165201,0.015117247899373373,2000000,3
XOR,"['rax', 'rcx']",4742755123,0.050258469581604,2000000,3
XOR,"['rax', '0']",4677304320,0.05025287469228109,2000000,3
XOR,"['rax', '<0000000000000001>']",4762319803,0.050258302688598634,2000000,3
XOR,"['<0000000000000001>', 'rax']",31686468130,0.3289689064025879,2000000,3
ADD,"['rax', 'rax']",4797045145,0.05599440733591716,1800000,3
ADD,"['rax', 'rcx']",4878436488,0.05585494041442871,1800000,3
ADD,"['rax', '0']",4868116753,0.055860503514607744,1800000,3
ADD,"['rax', '<0000000000000001>']",4965953262,0.05584445794423421,1800000,3
ADD,"['<0000000000000001>', 'rax']",32523129105,0.3665719509124756,1800000,3
SUB,"['rax', 'rax']",1528860945,0.01680644353230794,1800000,3
SUB,"['rax', 'rcx']",4777139677,0.055834166208903,1800000,3
SUB,"['rax', '0']",4909323605,0.056112114588419595,1800000,3
SUB,"['rax', '<0000000000000001>']",4960574941,0.05583936373392741,1800000,3
SUB,"['<0000000000000001>', 'rax']",32561679564,0.36643693447113035,1800000,3
ADC,"['rax', 'rax']",9642761693,0.11160746415456137,1800000,3
ADC,"['rax', 'rcx']",9695457006,0.11163315773010254,1800000,3
ADC,"['rax', '0']",4805466521,0.05584175586700439,1800000,3
ADC,"['rax', '<0000000000000001>']",9842921745,0.11162311236063639,1800000,3
ADC,"['<0000000000000001>', 'rax']",36063606647,0.408305279413859,1800000,3
SBB,"['rax', 'rax']",9694187793,0.11161265373229981,1800000,3
SBB,"['rax', 'rcx']",9701337770,0.11161179542541504,1800000,3
SBB,"['rax', '0']",4864826845,0.05585306485493978,1800000,3
SBB,"['rax', '<0000000000000001>']",9745144217,0.11163094043731689,1800000,3
SBB,"['<0000000000000001>', 'rax']",36134505676,0.4088718414306641,1800000,3
AND,"['rax', 'rax']",4803122517,0.055846579869588214,1800000,3
AND,"['rax', 'rcx']",4868933768,0.05584627787272135,1800000,3
AND,"['rax', '0']",4864160563,0.05584610303243001,1800000,3
AND,"['rax', '<0000000000000001>']",4905317171,0.055843480428059894,1800000,3
AND,"['<0000000000000001>', 'rax']",32557961489,0.36714278856913246,1800000,3
OR,"['rax', 'rax']",4862028458,0.05584626197814942,1800000,3
OR,"['rax', 'rcx']",4939116270,0.0559024175008138,1800000,3
OR,"['rax', '0']",4847512234,0.0558988094329834,1800000,3
OR,"['rax', '<0000000000000001>']",4923267481,0.055848280588785805,1800000,3
OR,"['<0000000000000001>', 'rax']",32602093431,0.3666041135787964,1800000,3
XOR,"['rax', 'rax']",1429410065,0.016796326637268065,1800000,3
XOR,"['rax', 'rcx']",4898601915,0.05587112903594971,1800000,3
XOR,"['rax', '0']",4859776204,0.055845363934834795,1800000,3
XOR,"['rax', '<0000000000000001>']",4894984328,0.05583829085032145,1800000,3
XOR,"['<0000000000000001>', 'rax']",32710254045,0.3677512804667155,1800000,3
ADD,"['rax', 'rax']",5105287168,0.0629525105158488,1600000,3
ADD,"['rax', 'rcx']",5085753070,0.06284592946370443,1600000,3
ADD,"['rax', '0']",5107685785,0.06283347606658936,1600000,3
ADD,"['rax', '<0000000000000001>']",5174368665,0.06282823880513509,1600000,3
ADD,"['<0000000000000001>', 'rax']",34054414882,0.4133642832438151,1600000,3
SUB,"['rax', 'rax']",1506995950,0.018912315368652344,1600000,3
SUB,"['rax', 'rcx']",5082509038,0.06281820138295492,1600000,3
SUB,"['rax', '0']",5084143069,0.06282567183176677,1600000,3
SUB,"['rax', '<0000000000000001>']",5180297489,0.06283507347106934,1600000,3
SUB,"['<0000000000000001>', 'rax']",33904579925,0.41156330903371174,1600000,3
ADC,"['rax', 'rax']",10126587767,0.1255773385365804,1600000,3
ADC,"['rax', 'rcx']",10133386035,0.12557873725891114,1600000,3
ADC,"['rax', '0']",5093713510,0.06283057530721028,1600000,3
ADC,"['rax', '<0000000000000001>']",10302086621,0.12559987703959147,1600000,3
ADC,"['<0000000000000001>', 'rax']",36689586858,0.44783393541971844,1600000,3
SBB,"['rax', 'rax']",10178044450,0.12557507356007894,1600000,3
SBB,"['rax', 'rcx']",10137337856,0.12556617259979247,1600000,3
SBB,"['rax', '0']",5010456576,0.0628339687983195,1600000,3
SBB,"['rax', '<0000000000000001>']",10249736465,0.125579571723938,1600000,3
SBB,"['<0000000000000001>', 'rax']",37624800870,0.45853190422058104,1600000,3
AND,"['rax', 'rax']",5089104145,0.0628310759862264,1600000,3
AND,"['rax', 'rcx']",5049393698,0.06282026767730713,1600000,3
AND,"['rax', '0']",5031952384,0.0628224531809489,1600000,3
AND,"['rax', '<0000000000000001>']",5176253917,0.06283881664276122,1600000,3
AND,"['<0000000000000001>', 'rax']",34112918869,0.414098850886027,1600000,3
OR,"['rax', 'rax']",5058092509,0.06283336480458578,1600000,3
OR,"['rax', 'rcx']",5078799701,0.0628360112508138,1600000,3
OR,"['rax', '0']",5088466261,0.0628294547398885,1600000,3
OR,"['rax', '<0000000000000001>']",5175211895,0.0628331184387207,1600000,3
OR,"['<0000000000000001>', 'rax']",34023945011,0.4123221238454183,1600000,3
XOR,"['rax', 'rax']",1498926284,0.01889671484629313,1600000,3
XOR,"['rax', 'rcx']",5073805858,0.06283801396687826,1600000,3
XOR,"['rax', '0']",5078707950,0.0628318707148234,1600000,3
XOR,"['rax', '<0000000000000001>']",5174975965,0.06283450921376546,1600000,3
XOR,"['<0000000000000001>', 'rax']",33918895172,0.41254064242045085,1600000,3
ADD,"['rax', 'rax']",5423840187,0.07202066580454508,1400000,3
ADD,"['rax', 'rcx']",5417070318,0.07193825244903565,1400000,3
ADD,"['rax', '0']",5401153809,0.0718569040298462,1400000,3
ADD,"['rax', '<0000000000000001>']",5479460590,0.07182881037394205,1400000,3
ADD,"['<0000000000000001>', 'rax']",36169681032,0.47269806067148845,1400000,3
SUB,"['rax', 'rax']",1605055283,0.02162460486094157,1400000,3
SUB,"['rax', 'rcx']",5397763413,0.07183761596679687,1400000,3
SUB,"['rax', '0']",5391454481,0.07183218002319336,1400000,3
SUB,"['rax', '<0000000000000001>']",5474125960,0.07181704044342041,1400000,3
SUB,"['<0000000000000001>', 'rax']",36257457766,0.47403113842010497,1400000,3
ADC,"['rax', 'rax']",10735312349,0.14357461929321289,1400000,3
ADC,"['rax', 'rcx']",10738827264,0.14355251789093018,1400000,3
ADC,"['rax', '0']",5392371985,0.07181501388549805,1400000,3
ADC,"['rax', '<0000000000000001>']",10875932945,0.14356741905212403,1400000,3
ADC,"['<0000000000000001>', 'rax']",39982572066,0.5247544765472412,1400000,3
SBB,"['rax', 'rax']",10705331814,0.14355836709340414,1400000,3
SBB,"['rax', 'rcx']",10753293243,0.14355525175730388,1400000,3
SBB,"['rax', '0']",5383922210,0.07181917826334636,1400000,3
SBB,"['rax', '<0000000000000001>']",10856958088,0.14355664253234862,1400000,3
SBB,"['<0000000000000001>', 'rax']",40130790468,0.5268321752548217,1400000,3
AND,"['rax', 'rax']",5361629047,0.07179989020029703,1400000,3
AND,"['rax', 'rcx']",5334217523,0.07180571556091309,1400000,3
AND,"['rax', '0']",5366159769,0.0718094269434611,1400000,3
AND,"['rax', '<0000000000000001>']",5467039334,0.07181597550710042,1400000,3
AND,"['<0000000000000001>', 'rax']",36510487893,0.47461890379587807,1400000,3
OR,"['rax', 'rax']",5407069525,0.07193247477213542,1400000,3
OR,"['rax', 'rcx']",5411871129,0.07202503681182862,1400000,3
OR,"['rax', '0']",5397250048,0.07194604873657226,1400000,3
OR,"['rax', '<0000000000000001>']",5472935389,0.0718843936920166,1400000,3
OR,"['<0000000000000001>', 'rax']",36176695569,0.47431010405222573,1400000,3
XOR,"['rax', 'rax']",1612456482,0.021622522672017416,1400000,3
XOR,"['rax', 'rcx']",5382993783,0.07181453704833984,1400000,3
XOR,"['rax', '0']",5385320311,0.07182134787241617,1400000,3
XOR,"['rax', '<0000000000000001>']",5466025710,0.07182873090108235,1400000,3
XOR,"['<0000000000000001>', 'rax']",35965014289,0.4715548276901245,1400000,3
ADD,"['rax', 'rax']",5843971822,0.083810289700826,1200000,3
ADD,"['rax', 'rcx']",5840598903,0.08379793961842855,1200000,3
ADD,"['rax', '0']",5842333422,0.08378659089406332,1200000,3
ADD,"['rax', '<0000000000000001>']",5920565930,0.08378915786743164,1200000,3
ADD,"['<0000000000000001>', 'rax']",38898298606,0.5480932235717774,1200000,3
SUB,"['rax', 'rax']",1735423863,0.025199309984842936,1200000,3
SUB,"['rax', 'rcx']",5846191308,0.08379058837890625,1200000,3
SUB,"['rax', '0']",5847191825,0.0837831974029541,1200000,3
SUB,"['rax', '<0000000000000001>']",5928556953,0.08379624684651693,1200000,3
SUB,"['<0000000000000001>', 'rax']",39087433318,0.5515908320744832,1200000,3
ADC,"['rax', 'rax']",11642291268,0.16749906539916992,1200000,3
ADC,"['rax', 'rcx']",11658072337,0.16749943097432454,1200000,3
ADC,"['rax', '0']",5817025604,0.0837936004002889,1200000,3
ADC,"['rax', '<0000000000000001>']",11739024588,0.16749286651611328,1200000,3
ADC,"['<0000000000000001>', 'rax']",42005974220,0.5953135093053182,1200000,3
SBB,"['rax', 'rax']",11692989917,0.16751075585683187,1200000,3
SBB,"['rax', 'rcx']",11696041710,0.16748955249786376,1200000,3
SBB,"['rax', '0']",5883944413,0.08428328037261963,1200000,3
SBB,"['rax', '<0000000000000001>']",11742674944,0.16748239994049072,1200000,3
SBB,"['<0000000000000001>', 'rax']",43093913326,0.6114100694656373,1200000,3
AND,"['rax', 'rax']",5827251404,0.08380052248636881,1200000,3
AND,"['rax', 'rcx']",5827284172,0.08377939065297445,1200000,3
AND,"['rax', '0']",5819710395,0.08378207683563232,1200000,3
AND,"['rax', '<0000000000000001>']",5914318165,0.08379418849945068,1200000,3
AND,"['<0000000000000001>', 'rax']",38878342894,0.5488474210103352,1200000,3
OR,"['rax', 'rax']",5828966263,0.08379156589508056,1200000,3
OR,"['rax', 'rcx']",5830521651,0.08379530111948649,1200000,3
OR,"['rax', '0']",5827668650,0.08378791809082031,1200000,3
OR,"['rax', '<0000000000000001>']",5918634803,0.08380877176920573,1200000,3
OR,"['<0000000000000001>', 'rax']",38953281126,0.5504549503326416,1200000,3
XOR,"['rax', 'rax']",1727314875,0.025202091534932455,1200000,3
XOR,"['rax', 'rcx']",5819240721,0.08379128774007162,1200000,3
XOR,"['rax', '0']",5828380808,0.08381897608439128,1200000,3
XOR,"['rax', '<0000000000000001>']",5906377386,0.08380996386210124,1200000,3
XOR,"['<0000000000000001>', 'rax']",38970386022,0.5507483164469401,1200000,3
