,file,name,ts,mse,mae
0,completo_fluid_2.json,Equation,8,132.36089959871018,0.025509559407765888
1,completo_fluid_2.json,Equation,16,119.34973624569494,0.027198265168889037
2,completo_fluid_2.json,Equation,32,114.086945474747,0.025888070093900085
3,completo_fluid_2.json,Equation,64,116.09019853667753,0.02388278210845169
4,completo_fluid_2.json,MLP,8,8864.043076478358,0.3827443842659821
5,completo_fluid_2.json,MLP,16,2986.831994503281,0.13164037803349637
6,completo_fluid_2.json,MLP,32,140.56798537979418,0.01722294724084136
7,completo_fluid_2.json,MLP,64,109.63159072114532,0.009224498539089193
8,completo_fluid_2.json,SVR_gridsearch,8,20621.878580991466,0.9482259582253926
9,completo_fluid_2.json,SVR_gridsearch,16,19431.289021916768,0.44753955487580743
10,completo_fluid_2.json,SVR_gridsearch,32,9216.088377195138,0.30402842306903494
11,completo_fluid_2.json,SVR_gridsearch,64,996.0563555336347,0.05651805387174255
12,completo_fluid_2.json,SVR,8,18731.09868457711,1.8784397578718997
13,completo_fluid_2.json,SVR,16,1493.7440428743805,0.2495546340298222
14,completo_fluid_2.json,SVR,32,137.72655728781717,0.021167199564538754
15,completo_fluid_2.json,SVR,64,50.554290373315474,0.014234858457089473
16,completo_fluid_2.json,Tree,8,4256.618562150003,0.2094632603357954
17,completo_fluid_2.json,Tree,16,514.3276128019605,0.1046897415902359
18,completo_fluid_2.json,Tree,32,315.28645287859877,0.04278135777474455
19,completo_fluid_2.json,Tree,64,193.14518056696718,0.010552970718098605
20,completo_fluid_2.json,KNN,8,21783.49549024011,0.477955658967851
21,completo_fluid_2.json,KNN,16,6984.9386189667075,0.32233295520457755
22,completo_fluid_2.json,KNN,32,1689.283841577831,0.14079505753755683
23,completo_fluid_2.json,KNN,64,377.5623424008006,0.044100700004457635
24,completo_fluid_3.json,Equation,8,121.637083453373,4.10470971589075
25,completo_fluid_3.json,Equation,16,81.91060845269023,5.86568713162943
26,completo_fluid_3.json,Equation,32,59.921446900257145,4.164188794364707
27,completo_fluid_3.json,Equation,64,62.14374087444119,2.3537324148979906
28,completo_fluid_3.json,MLP,8,209.76162863977393,2.2749363793549686
29,completo_fluid_3.json,MLP,16,425.8109393541257,9.989423283308508
30,completo_fluid_3.json,MLP,32,3011.8524549604294,4.852374737583733
31,completo_fluid_3.json,MLP,64,27.621831253828343,1.7259991750981432
32,completo_fluid_3.json,SVR_gridsearch,8,1135.491513396042,5.853590756853245
33,completo_fluid_3.json,SVR_gridsearch,16,507.6279858417524,15.201450879539694
34,completo_fluid_3.json,SVR_gridsearch,32,384.7505373410291,7.8191177121609785
35,completo_fluid_3.json,SVR_gridsearch,64,93.15881055252298,2.68252776884423
36,completo_fluid_3.json,SVR,8,1400.814485510173,2.0253285574172257
37,completo_fluid_3.json,SVR,16,511.44832363521624,10.836850902016277
38,completo_fluid_3.json,SVR,32,44.949991216672,1.2131296609454185
39,completo_fluid_3.json,SVR,64,3.313367504588442,0.7299950023487309
40,completo_fluid_3.json,Tree,8,388.44256392408187,7.245815683602299
41,completo_fluid_3.json,Tree,16,162.63983144620354,0.5782170398597833
42,completo_fluid_3.json,Tree,32,285.72526357301933,0.25556235933005894
43,completo_fluid_3.json,Tree,64,15.33700255721167,0.14638851169367847
44,completo_fluid_3.json,KNN,8,870.2868872465376,8.175833274207749
45,completo_fluid_3.json,KNN,16,685.715521856005,4.9712938197465775
46,completo_fluid_3.json,KNN,32,234.98162607168365,8.114504506551416
47,completo_fluid_3.json,KNN,64,104.21285120386645,1.9244370527696544
48,completo_fluid_4.json,Equation,8,297.91740046843887,0.36500000045807307
49,completo_fluid_4.json,Equation,16,60.614351431369414,0.07993120521953581
50,completo_fluid_4.json,Equation,32,53.401120872916884,0.08021776002374245
51,completo_fluid_4.json,MLP,8,158.8721532193774,0.24976303608669764
52,completo_fluid_4.json,MLP,16,534.7840323969173,0.4675393777957711
53,completo_fluid_4.json,MLP,32,30.40654991815211,0.030661150123096108
54,completo_fluid_4.json,SVR_gridsearch,8,1874.249753502619,0.34079628968715
55,completo_fluid_4.json,SVR_gridsearch,16,1056.6987213850089,0.652922393905944
56,completo_fluid_4.json,SVR_gridsearch,32,314.4460766765963,0.11550561630392356
57,completo_fluid_4.json,SVR,8,443.42556793611976,0.4086332549139443
58,completo_fluid_4.json,SVR,16,63.41032416506174,0.05643275257260496
59,completo_fluid_4.json,SVR,32,93.20480298869288,0.05663711454845499
60,completo_fluid_4.json,Tree,8,990.7796430510216,0.31755501319984286
61,completo_fluid_4.json,Tree,16,228.91518472682003,0.0714771954474465
62,completo_fluid_4.json,Tree,32,19.250639087705995,0.018055570269798347
63,completo_fluid_4.json,KNN,8,1492.542054143316,1.123222107665318
64,completo_fluid_4.json,KNN,16,484.33109758861565,0.38000386813043224
65,completo_fluid_4.json,KNN,32,208.63916989538748,0.09384882434513457
66,completo_freqmine_1.json,Equation,8,65.20458758335663,0.5472593313942747
67,completo_freqmine_1.json,Equation,16,187.30839703717425,0.2883678726149383
68,completo_freqmine_1.json,Equation,32,63.178400089873975,0.5054570683680255
69,completo_freqmine_1.json,Equation,64,65.12312381738296,0.48711686697518564
70,completo_freqmine_1.json,Equation,128,63.815883106290684,0.4608859543237171
71,completo_freqmine_1.json,MLP,8,331.2415606639699,1.157181557845709
72,completo_freqmine_1.json,MLP,16,270.1409529754512,0.26931080161311705
73,completo_freqmine_1.json,MLP,32,286.0960995814575,0.41129321910388184
74,completo_freqmine_1.json,MLP,64,3.967389866133021,0.1292788510583787
75,completo_freqmine_1.json,MLP,128,5.121586587894158,0.10260784105894181
76,completo_freqmine_1.json,SVR_gridsearch,8,291.4785442144083,0.20025607659297678
77,completo_freqmine_1.json,SVR_gridsearch,16,238.31356871214484,0.26998446762813616
78,completo_freqmine_1.json,SVR_gridsearch,32,279.04248957626055,0.165220653121588
79,completo_freqmine_1.json,SVR_gridsearch,64,280.2432608547784,0.14557054993988683
80,completo_freqmine_1.json,SVR_gridsearch,128,97.83263657194908,0.39242427735819263
81,completo_freqmine_1.json,SVR,8,293.05046460349666,0.22986101218498908
82,completo_freqmine_1.json,SVR,16,277.8251536569848,0.727475150341193
83,completo_freqmine_1.json,SVR,32,12.529435687550198,0.2132492569747362
84,completo_freqmine_1.json,SVR,64,8.797275612388885,0.1603584934560024
85,completo_freqmine_1.json,SVR,128,2.878853158998105,0.08908016958309023
86,completo_freqmine_1.json,Tree,8,290.6534141228031,0.22966267965948997
87,completo_freqmine_1.json,Tree,16,439.5165789279335,0.7570172889456439
88,completo_freqmine_1.json,Tree,32,28.513247848580654,0.0911842433940646
89,completo_freqmine_1.json,Tree,64,5.999011682575258,0.07439105596027572
90,completo_freqmine_1.json,Tree,128,1.4209880421972403,0.044008392278284736
91,completo_freqmine_1.json,KNN,8,289.3635777022641,0.21865499285681417
92,completo_freqmine_1.json,KNN,16,230.4920552104549,0.6347448244626099
93,completo_freqmine_1.json,KNN,32,167.48208354211147,0.3227462293945025
94,completo_freqmine_1.json,KNN,64,43.20913218957239,0.2773126179329289
95,completo_freqmine_1.json,KNN,128,14.334160170065793,0.12505398763665787
96,completo_freqmine_2.json,Equation,8,65.20458758335663,0.5472593313942747
97,completo_freqmine_2.json,Equation,16,187.30839703717425,0.2883678726149383
98,completo_freqmine_2.json,Equation,32,63.178400089873975,0.5054570683680255
99,completo_freqmine_2.json,Equation,64,65.12312381738296,0.48711686697518564
100,completo_freqmine_2.json,Equation,128,63.815883106290684,0.4608859543237171
101,completo_freqmine_2.json,MLP,8,331.2415606639699,1.157181557845709
102,completo_freqmine_2.json,MLP,16,270.1409529754512,0.26931080161311705
103,completo_freqmine_2.json,MLP,32,286.0960995814575,0.41129321910388184
104,completo_freqmine_2.json,MLP,64,3.967389866133021,0.1292788510583787
105,completo_freqmine_2.json,MLP,128,5.121586587894158,0.10260784105894181
106,completo_freqmine_2.json,SVR_gridsearch,8,291.4785442144083,0.20025607659297678
107,completo_freqmine_2.json,SVR_gridsearch,16,238.31356871214484,0.26998446762813616
108,completo_freqmine_2.json,SVR_gridsearch,32,279.04248957626055,0.165220653121588
109,completo_freqmine_2.json,SVR_gridsearch,64,280.2432608547784,0.14557054993988683
110,completo_freqmine_2.json,SVR_gridsearch,128,97.83263657194908,0.39242427735819263
111,completo_freqmine_2.json,SVR,8,293.05046460349666,0.22986101218498908
112,completo_freqmine_2.json,SVR,16,277.8251536569848,0.727475150341193
113,completo_freqmine_2.json,SVR,32,12.529435687550198,0.2132492569747362
114,completo_freqmine_2.json,SVR,64,8.797275612388885,0.1603584934560024
115,completo_freqmine_2.json,SVR,128,2.878853158998105,0.08908016958309023
116,completo_freqmine_2.json,Tree,8,290.6534141228031,0.22966267965948997
117,completo_freqmine_2.json,Tree,16,439.5165789279335,0.7570172889456439
118,completo_freqmine_2.json,Tree,32,28.513247848580654,0.0911842433940646
119,completo_freqmine_2.json,Tree,64,5.999011682575258,0.07439105596027572
120,completo_freqmine_2.json,Tree,128,1.4209880421972403,0.044008392278284736
121,completo_freqmine_2.json,KNN,8,289.3635777022641,0.21865499285681417
122,completo_freqmine_2.json,KNN,16,230.4920552104549,0.6347448244626099
123,completo_freqmine_2.json,KNN,32,167.48208354211147,0.3227462293945025
124,completo_freqmine_2.json,KNN,64,43.20913218957239,0.2773126179329289
125,completo_freqmine_2.json,KNN,128,14.334160170065793,0.12505398763665787
126,completo_openmc_kernel_novo.json,Equation,8,3.812114182330884,0.03738136063838343
127,completo_openmc_kernel_novo.json,Equation,16,4.501418704393105,0.03667174228653589
128,completo_openmc_kernel_novo.json,Equation,32,2.5092576634166717,0.04276754955170538
129,completo_openmc_kernel_novo.json,Equation,64,1.1211683580616778,0.04895975872583966
130,completo_openmc_kernel_novo.json,MLP,8,66.72074557700655,0.07443083804603248
131,completo_openmc_kernel_novo.json,MLP,16,46.26881933780027,0.11331081275949101
132,completo_openmc_kernel_novo.json,MLP,32,71.41870730602281,0.0839749159425304
133,completo_openmc_kernel_novo.json,MLP,64,0.11459601288224153,0.019878373947808937
134,completo_openmc_kernel_novo.json,SVR_gridsearch,8,260.53117631406786,0.32263441077717336
135,completo_openmc_kernel_novo.json,SVR_gridsearch,16,243.82890716058958,0.19172112152085785
136,completo_openmc_kernel_novo.json,SVR_gridsearch,32,109.12086166544945,0.1148465011980469
137,completo_openmc_kernel_novo.json,SVR_gridsearch,64,16.873132799426863,0.07425144987164428
138,completo_openmc_kernel_novo.json,SVR,8,410.8289723373514,0.32033663143692365
139,completo_openmc_kernel_novo.json,SVR,16,153.48790372154275,0.5035838328598704
140,completo_openmc_kernel_novo.json,SVR,32,17.911157399944187,0.1411520799768045
141,completo_openmc_kernel_novo.json,SVR,64,0.8998805141957624,0.02226311833163559
142,completo_openmc_kernel_novo.json,Tree,8,104.77021798831251,0.2119760498964896
143,completo_openmc_kernel_novo.json,Tree,16,65.00013688464382,0.2381707368337734
144,completo_openmc_kernel_novo.json,Tree,32,81.35078853217354,0.08970138758228402
145,completo_openmc_kernel_novo.json,Tree,64,3.57027244796823,0.030922823586582396
146,completo_openmc_kernel_novo.json,KNN,8,230.58043918885383,0.3215342509062289
147,completo_openmc_kernel_novo.json,KNN,16,172.0474300774187,0.1886399689409869
148,completo_openmc_kernel_novo.json,KNN,32,57.72532023872169,0.14638242082251793
149,completo_openmc_kernel_novo.json,KNN,64,29.24739587096113,0.10360248131240471
150,completo_rtview_1.json,Equation,8,13.218839712623227,0.2813991718812666
151,completo_rtview_1.json,Equation,16,8.13703504368677,0.06917310360198937
152,completo_rtview_1.json,Equation,32,8.327395354490795,0.06663531221126225
153,completo_rtview_1.json,Equation,64,8.708571619372186,0.056870411192337024
154,completo_rtview_1.json,Equation,128,8.408776484872547,0.057089392338595356
155,completo_rtview_1.json,MLP,8,89.10627861695818,0.13237746985668145
156,completo_rtview_1.json,MLP,16,14.42163408976931,0.07156191554428308
157,completo_rtview_1.json,MLP,32,6.924590155175183,0.0507154789972729
158,completo_rtview_1.json,MLP,64,4.296875099127924,0.030114289850963056
159,completo_rtview_1.json,MLP,128,0.6645615288341178,0.020242784556551277
160,completo_rtview_1.json,SVR_gridsearch,8,206.208915516432,0.17545710139692489
161,completo_rtview_1.json,SVR_gridsearch,16,218.70652982626868,0.2088828113188076
162,completo_rtview_1.json,SVR_gridsearch,32,22.531524801541572,0.13421262558652208
163,completo_rtview_1.json,SVR_gridsearch,64,21.966348880695193,0.08538485460455104
164,completo_rtview_1.json,SVR_gridsearch,128,1.6796610872598678,0.03177931636978021
165,completo_rtview_1.json,SVR,8,55.64079438316923,0.5007615854544563
166,completo_rtview_1.json,SVR,16,49.51975187068295,0.2234225693557673
167,completo_rtview_1.json,SVR,32,12.528758568722782,0.14325547293322716
168,completo_rtview_1.json,SVR,64,5.288249306904311,0.040656669896588886
169,completo_rtview_1.json,SVR,128,0.33391640420016644,0.018049252848606125
170,completo_rtview_1.json,Tree,8,222.85392578863042,0.2096976943820549
171,completo_rtview_1.json,Tree,16,14.82625385105368,0.12070992522980158
172,completo_rtview_1.json,Tree,32,18.159710249355417,0.08759183552811087
173,completo_rtview_1.json,Tree,64,4.082605065560918,0.04902071705794645
174,completo_rtview_1.json,Tree,128,1.8690832695150634,0.01837801286608238
175,completo_rtview_1.json,KNN,8,154.52962209040064,0.4670188181200705
176,completo_rtview_1.json,KNN,16,233.59875155692706,0.2435845116742542
177,completo_rtview_1.json,KNN,32,79.05490669697033,0.20292032449826902
178,completo_rtview_1.json,KNN,64,15.24185386742441,0.13480986035841167
179,completo_rtview_1.json,KNN,128,11.033865798958653,0.0863419778455611
180,completo_rtview_2.json,Equation,8,57.813483333466074,0.04906476304962806
181,completo_rtview_2.json,Equation,16,46.07782158844786,0.023688918529048617
182,completo_rtview_2.json,Equation,32,47.65279980318656,0.023254948862349467
183,completo_rtview_2.json,Equation,64,43.30831442291454,0.02182770987539917
184,completo_rtview_2.json,Equation,128,43.63361872107823,0.022254188011987325
185,completo_rtview_2.json,MLP,8,8346.12755685692,0.1296340237428999
186,completo_rtview_2.json,MLP,16,2518.6375790021643,0.06551023631994886
187,completo_rtview_2.json,MLP,32,2726.9446578166117,0.083482523668616
188,completo_rtview_2.json,MLP,64,180.2959667293169,0.014302813135282713
189,completo_rtview_2.json,MLP,128,25.824088106467883,0.011068238995493893
190,completo_rtview_2.json,SVR_gridsearch,8,12011.577924497786,0.14467173283689347
191,completo_rtview_2.json,SVR_gridsearch,16,13080.784072648716,0.15925227299097514
192,completo_rtview_2.json,SVR_gridsearch,32,6358.169850977817,0.09671775811074684
193,completo_rtview_2.json,SVR_gridsearch,64,3675.933418758727,0.06328478977235201
194,completo_rtview_2.json,SVR_gridsearch,128,1225.9688369510884,0.04736065147943508
195,completo_rtview_2.json,SVR,8,3477.6119608562904,0.45551113084502703
196,completo_rtview_2.json,SVR,16,5105.773813534735,0.18292031205864426
197,completo_rtview_2.json,SVR,32,997.5963023993568,0.1288463180011679
198,completo_rtview_2.json,SVR,64,118.16354476441904,0.02237712651331276
199,completo_rtview_2.json,SVR,128,43.36412526950654,0.010407590178114576
200,completo_rtview_2.json,Tree,8,13329.358119602093,0.20398613993563455
201,completo_rtview_2.json,Tree,16,1036.407751041458,0.1284875331336014
202,completo_rtview_2.json,Tree,32,2750.278907489486,0.0953862593820111
203,completo_rtview_2.json,Tree,64,287.038520215296,0.05400792211475838
204,completo_rtview_2.json,Tree,128,146.67082455734513,0.023496820033686455
205,completo_rtview_2.json,KNN,8,9935.500828684513,0.3891432631280503
206,completo_rtview_2.json,KNN,16,13910.226777687847,0.21756698867695648
207,completo_rtview_2.json,KNN,32,5786.034783752265,0.17648698687421052
208,completo_rtview_2.json,KNN,64,895.0186085134177,0.11824526376926585
209,completo_rtview_2.json,KNN,128,588.6424735796899,0.07759785879102361
210,completo_rtview_3.json,Equation,8,2396.104161660268,0.031013930059323968
211,completo_rtview_3.json,Equation,16,2367.3959030825586,0.03629056625818883
212,completo_rtview_3.json,Equation,32,2214.043378583437,0.031176911571968995
213,completo_rtview_3.json,Equation,64,2316.2227004886786,0.029711344252034307
214,completo_rtview_3.json,MLP,8,16142.936548877415,0.1436591600444863
215,completo_rtview_3.json,MLP,16,8948.65712839855,0.1274369405627303
216,completo_rtview_3.json,MLP,32,313796.8848094076,0.4547934718567822
217,completo_rtview_3.json,MLP,64,1638.7832175499464,0.02130063538259117
218,completo_rtview_3.json,SVR_gridsearch,8,28942.32116668886,0.24352699383865012
219,completo_rtview_3.json,SVR_gridsearch,16,40022.49514742241,0.2745446772956868
220,completo_rtview_3.json,SVR_gridsearch,32,14480.3638545095,0.13554462556663374
221,completo_rtview_3.json,SVR_gridsearch,64,4414.107386041376,0.0782214890736222
222,completo_rtview_3.json,SVR,8,39261.82353430308,0.27602530648705687
223,completo_rtview_3.json,SVR,16,18298.31420137176,0.4642269724502971
224,completo_rtview_3.json,SVR,32,2957.005316316434,0.1074866927070395
225,completo_rtview_3.json,SVR,64,2142.9723592935306,0.02580823222990877
226,completo_rtview_3.json,Tree,8,14058.141390818566,0.1507946582985531
227,completo_rtview_3.json,Tree,16,6572.218113462879,0.2000663217574818
228,completo_rtview_3.json,Tree,32,12098.102831759252,0.08447337470183022
229,completo_rtview_3.json,Tree,64,1800.5715004257177,0.02626854875393966
230,completo_rtview_3.json,KNN,8,24594.85834346163,0.31151092557569826
231,completo_rtview_3.json,KNN,16,19893.741435498334,0.16533539152650556
232,completo_rtview_3.json,KNN,32,7721.547305200158,0.14321110031028517
233,completo_rtview_3.json,KNN,64,5153.253191032432,0.09820290215475228
234,completo_rtview_4.json,Equation,8,2460.9926256468725,0.10513921619573996
235,completo_rtview_4.json,Equation,16,2049.3143939264987,0.07662024814533805
236,completo_rtview_4.json,Equation,32,368.4370372837228,0.06082029363765685
237,completo_rtview_4.json,Equation,64,383.045409202625,0.05415748949678537
238,completo_rtview_4.json,MLP,8,5234.0085681059945,0.1524437784506357
239,completo_rtview_4.json,MLP,16,21078.745659920216,0.360770035889026
240,completo_rtview_4.json,MLP,32,851.5798707631642,0.06922516575112789
241,completo_rtview_4.json,MLP,64,458.6650817819241,0.04792522562342998
242,completo_rtview_4.json,SVR_gridsearch,8,16734.412927835587,0.3015658727822163
243,completo_rtview_4.json,SVR_gridsearch,16,18902.764267264887,0.19497706207256246
244,completo_rtview_4.json,SVR_gridsearch,32,12385.630226025123,0.12111190930561282
245,completo_rtview_4.json,SVR_gridsearch,64,1538.991042605186,0.08756390518033424
246,completo_rtview_4.json,SVR,8,4836.870799111906,0.49609100441596754
247,completo_rtview_4.json,SVR,16,4857.720295644472,0.22277959057242394
248,completo_rtview_4.json,SVR,32,1400.275313993254,0.09068372609902992
249,completo_rtview_4.json,SVR,64,419.2886836231647,0.05807985949359033
250,completo_rtview_4.json,Tree,8,15185.520554229473,0.25614744639941645
251,completo_rtview_4.json,Tree,16,6795.770308338525,0.12347611517857439
252,completo_rtview_4.json,Tree,32,768.1455931954443,0.06655985948594634
253,completo_rtview_4.json,Tree,64,2014.9570685246101,0.038328574623953074
254,completo_rtview_4.json,KNN,8,15904.903108086135,0.28482941577244203
255,completo_rtview_4.json,KNN,16,18188.593776485024,0.14618047379559534
256,completo_rtview_4.json,KNN,32,3215.208303719543,0.08531328012715976
257,completo_rtview_4.json,KNN,64,2822.5252109156286,0.07298353731816765
258,completo_swaptions_1.json,Equation,8,23.208513423605012,0.07592046870280214
259,completo_swaptions_1.json,Equation,16,17.97890025885358,0.058319650811446515
260,completo_swaptions_1.json,Equation,32,19.004443008231853,0.05506627499411601
261,completo_swaptions_1.json,Equation,64,18.28995258801241,0.05449615389364892
262,completo_swaptions_1.json,Equation,128,18.360216309177716,0.05437869900342149
263,completo_swaptions_1.json,MLP,8,3019.8154013065073,0.20943683232914662
264,completo_swaptions_1.json,MLP,16,1004.6052410701147,0.12531729778817963
265,completo_swaptions_1.json,MLP,32,1103.6471571566703,0.13921323710756153
266,completo_swaptions_1.json,MLP,64,72.9721305043785,0.053039362433791926
267,completo_swaptions_1.json,MLP,128,10.512303861853079,0.02982726827149737
268,completo_swaptions_1.json,SVR_gridsearch,8,5318.559904363176,0.29068744220907555
269,completo_swaptions_1.json,SVR_gridsearch,16,4368.415135854418,0.23871217658072294
270,completo_swaptions_1.json,SVR_gridsearch,32,2304.4881996118984,0.163873429159269
271,completo_swaptions_1.json,SVR_gridsearch,64,1371.5749930641298,0.11331926203641836
272,completo_swaptions_1.json,SVR_gridsearch,128,493.58325973123203,0.07489145778897444
273,completo_swaptions_1.json,SVR,8,1262.946879158361,0.87631761263685
274,completo_swaptions_1.json,SVR,16,1907.7306097570747,0.24904375683966531
275,completo_swaptions_1.json,SVR,32,338.92749551016476,0.1927826440455418
276,completo_swaptions_1.json,SVR,64,56.990486467915865,0.0306935699616523
277,completo_swaptions_1.json,SVR,128,15.304510359118911,0.017677029234412906
278,completo_swaptions_1.json,Tree,8,4655.933507726596,0.23488673553022346
279,completo_swaptions_1.json,Tree,16,334.15933318729844,0.13467589434290111
280,completo_swaptions_1.json,Tree,32,1089.5836073849564,0.14577790338966706
281,completo_swaptions_1.json,Tree,64,101.30064709297984,0.06238512377392297
282,completo_swaptions_1.json,Tree,128,54.20018224959162,0.028868897858789228
283,completo_swaptions_1.json,KNN,8,3498.386263874346,0.5302228595858836
284,completo_swaptions_1.json,KNN,16,4919.669861787087,0.24962724575812742
285,completo_swaptions_1.json,KNN,32,2061.12501155086,0.20876096704388436
286,completo_swaptions_1.json,KNN,64,298.4957917306882,0.12176341783281427
287,completo_swaptions_1.json,KNN,128,202.3917576672453,0.0765247704759928
288,completo_swaptions_2.json,Equation,8,10.818119754279808,0.1361441849355147
289,completo_swaptions_2.json,Equation,16,5.64918447033065,0.10960709383214724
290,completo_swaptions_2.json,Equation,32,5.322864261330998,0.11159151752486689
291,completo_swaptions_2.json,Equation,64,3.297569256658722,0.10093396805453377
292,completo_swaptions_2.json,MLP,8,222.17837677957453,0.1453741543731866
293,completo_swaptions_2.json,MLP,16,177.36620464453424,0.17955845116404356
294,completo_swaptions_2.json,MLP,32,116.46783042610754,0.10147493465051795
295,completo_swaptions_2.json,MLP,64,1.3659547415927111,0.0241541936949237
296,completo_swaptions_2.json,SVR_gridsearch,8,873.4551963078958,0.3306102027990647
297,completo_swaptions_2.json,SVR_gridsearch,16,1216.7583647934391,0.3529412591492904
298,completo_swaptions_2.json,SVR_gridsearch,32,388.5286582278459,0.1539526571705258
299,completo_swaptions_2.json,SVR_gridsearch,64,95.03458890375552,0.12126055057614772
300,completo_swaptions_2.json,SVR,8,1177.2859323350729,0.2895222760016018
301,completo_swaptions_2.json,SVR,16,497.8461249981119,0.46200391480726255
302,completo_swaptions_2.json,SVR,32,51.24901333079649,0.1891953157901122
303,completo_swaptions_2.json,SVR,64,3.984585189243526,0.020717969645172536
304,completo_swaptions_2.json,Tree,8,295.54631286492605,0.18184986130915143
305,completo_swaptions_2.json,Tree,16,197.44892706881046,0.28534043059776415
306,completo_swaptions_2.json,Tree,32,313.07075459697404,0.09433302035023036
307,completo_swaptions_2.json,Tree,64,11.580197802072757,0.059771991569234066
308,completo_swaptions_2.json,KNN,8,697.3778206134488,0.38919857046101686
309,completo_swaptions_2.json,KNN,16,548.2758381881573,0.22453432994459965
310,completo_swaptions_2.json,KNN,32,204.97533069882496,0.19795682751685262
311,completo_swaptions_2.json,KNN,64,102.84027299945565,0.1218351006205007
312,completo_swaptions_3.json,Equation,8,249.3328196054638,0.18523820958602485
313,completo_swaptions_3.json,Equation,16,177.46320784864398,0.16625024483727588
314,completo_swaptions_3.json,Equation,32,34.26989535521543,0.1349934924204606
315,completo_swaptions_3.json,Equation,64,33.78387289121088,0.12002963107037834
316,completo_swaptions_3.json,MLP,8,648.7936814011889,0.23056935196850406
317,completo_swaptions_3.json,MLP,16,1312.2807877430369,0.5556173348042611
318,completo_swaptions_3.json,MLP,32,45.44154440785151,0.07796018660151724
319,completo_swaptions_3.json,MLP,64,37.10668700991748,0.06159692833958514
320,completo_swaptions_3.json,SVR_gridsearch,8,641.3904670163821,0.4628958312048033
321,completo_swaptions_3.json,SVR_gridsearch,16,672.0611613772551,0.5274618115421655
322,completo_swaptions_3.json,SVR_gridsearch,32,579.1082442146896,0.21188883955424057
323,completo_swaptions_3.json,SVR_gridsearch,64,64.84075982861317,0.10971408576094743
324,completo_swaptions_3.json,SVR,8,302.2904107102059,0.7293580703134789
325,completo_swaptions_3.json,SVR,16,258.77636579201476,0.27722923519190906
326,completo_swaptions_3.json,SVR,32,58.03818054554659,0.139152461181658
327,completo_swaptions_3.json,SVR,64,61.33987785082625,0.1109556421101334
328,completo_swaptions_3.json,Tree,8,366.4197056234814,0.4920727762037777
329,completo_swaptions_3.json,Tree,16,324.5924663787322,0.20208295765843665
330,completo_swaptions_3.json,Tree,32,44.028507777422156,0.04933998095652112
331,completo_swaptions_3.json,Tree,64,102.74023075733854,0.03684334877192859
332,completo_swaptions_3.json,KNN,8,831.1180714305007,0.4310067480752041
333,completo_swaptions_3.json,KNN,16,899.8216446597256,0.20791179671657306
334,completo_swaptions_3.json,KNN,32,148.95446304128893,0.12024958039334092
335,completo_swaptions_3.json,KNN,64,143.29486689037606,0.08323339226959266
336,completo_vips_1.json,Equation,8,0.9870942491891472,0.10557897906202965
337,completo_vips_1.json,Equation,16,0.5814605327093995,0.0940352036281829
338,completo_vips_1.json,Equation,32,0.4107264847556308,0.10294970367056551
339,completo_vips_1.json,Equation,64,0.3871603902897395,0.0988051992983711
340,completo_vips_1.json,MLP,8,24.78020539797074,0.3513210034738199
341,completo_vips_1.json,MLP,16,13.618900441818344,0.2106898606004815
342,completo_vips_1.json,MLP,32,9.269988312393606,0.1314524807068486
343,completo_vips_1.json,MLP,64,0.396882325813202,0.081562522790033
344,completo_vips_1.json,SVR_gridsearch,8,53.22628692667141,0.25350967410545067
345,completo_vips_1.json,SVR_gridsearch,16,70.60245667274546,0.24253436632196282
346,completo_vips_1.json,SVR_gridsearch,32,20.196812636523575,0.18483894007926643
347,completo_vips_1.json,SVR_gridsearch,64,5.96406923144701,0.14456057569174724
348,completo_vips_1.json,SVR,8,80.44617823090721,0.3269317593122654
349,completo_vips_1.json,SVR,16,36.15983588615748,0.44698344098857923
350,completo_vips_1.json,SVR,32,4.319092144604922,0.19453895404996446
351,completo_vips_1.json,SVR,64,0.9685830281617165,0.0976770991951932
352,completo_vips_1.json,Tree,8,27.620279997586003,0.2131462327028642
353,completo_vips_1.json,Tree,16,11.434741505257055,0.23050479900064452
354,completo_vips_1.json,Tree,32,22.729970817947454,0.14374115475597216
355,completo_vips_1.json,Tree,64,0.593927455208589,0.05259974309015623
356,completo_vips_1.json,KNN,8,48.48709438920889,0.3822084094728545
357,completo_vips_1.json,KNN,16,38.82443724722083,0.19006702513118442
358,completo_vips_1.json,KNN,32,15.45598219302479,0.20606288478254645
359,completo_vips_1.json,KNN,64,7.8280541980268845,0.1392220342292019
360,completo_vips_2.json,Equation,8,0.4342826609399053,0.08893463753004546
361,completo_vips_2.json,Equation,16,0.667645509562646,0.1032465512097182
362,completo_vips_2.json,Equation,32,0.4236179451877591,0.08864227699767217
363,completo_vips_2.json,Equation,64,0.4146502944797473,0.09438289114668444
364,completo_vips_2.json,MLP,8,23.33050030280831,0.2523244243082629
365,completo_vips_2.json,MLP,16,14.523995889962107,0.20391881483681756
366,completo_vips_2.json,MLP,32,6.38305851157972,0.12352061187994107
367,completo_vips_2.json,MLP,64,0.5495596558023768,0.08953792113777588
368,completo_vips_2.json,SVR_gridsearch,8,57.9373300196533,0.2308555939739151
369,completo_vips_2.json,SVR_gridsearch,16,70.28524692774424,0.23504209727247818
370,completo_vips_2.json,SVR_gridsearch,32,16.935520114535855,0.20985329625634877
371,completo_vips_2.json,SVR_gridsearch,64,5.4855282606105495,0.15388543332553714
372,completo_vips_2.json,SVR,8,83.77918576265571,0.3161195985879656
373,completo_vips_2.json,SVR,16,37.130780121970844,0.48801528980254655
374,completo_vips_2.json,SVR,32,4.021139267833356,0.2007665344194969
375,completo_vips_2.json,SVR,64,0.5161807419456226,0.08233148784857931
376,completo_vips_2.json,Tree,8,27.68200431378502,0.195096817688709
377,completo_vips_2.json,Tree,16,10.509994991481609,0.3087665112075955
378,completo_vips_2.json,Tree,32,23.756005932828273,0.1572141577436974
379,completo_vips_2.json,Tree,64,0.9158875742559252,0.053834230002077196
380,completo_vips_2.json,KNN,8,51.045754851618355,0.34759404425126794
381,completo_vips_2.json,KNN,16,40.75137807886985,0.2534796919193809
382,completo_vips_2.json,KNN,32,15.31772345196966,0.21682406469463358
383,completo_vips_2.json,KNN,64,8.001362063512568,0.1450306198333406
384,completo_vips_3.json,Equation,8,3.187556251399926,0.127354873900127
385,completo_vips_3.json,Equation,16,2.5097926850597387,0.10622064480839988
386,completo_vips_3.json,Equation,32,2.1054437155942733,0.15052575952898783
387,completo_vips_3.json,Equation,64,2.1275066776555693,0.12076029093434584
388,completo_vips_3.json,Equation,128,1.9326101431776095,0.13978694916444565
389,completo_vips_3.json,MLP,8,49.823253816530695,0.19459351500126537
390,completo_vips_3.json,MLP,16,14.467099592957226,0.3418992240422232
391,completo_vips_3.json,MLP,32,45.34939887876296,0.2163842511529543
392,completo_vips_3.json,MLP,64,8.16925589745414,0.10865464428349232
393,completo_vips_3.json,MLP,128,0.5893978957452389,0.07114330236842493
394,completo_vips_3.json,SVR_gridsearch,8,92.94574959488571,0.3000825003483478
395,completo_vips_3.json,SVR_gridsearch,16,76.98284155225772,0.3238270430996883
396,completo_vips_3.json,SVR_gridsearch,32,15.081058542346002,0.27534502310824105
397,completo_vips_3.json,SVR_gridsearch,64,21.93951338089259,0.18788125977239128
398,completo_vips_3.json,SVR_gridsearch,128,10.118061640632593,0.12486446761668234
399,completo_vips_3.json,SVR,8,23.62586259206035,0.8486088050446798
400,completo_vips_3.json,SVR,16,36.75865431000059,0.27895529147896614
401,completo_vips_3.json,SVR,32,9.26086447417128,0.3150768404539706
402,completo_vips_3.json,SVR,64,3.0538847764956003,0.15027951309222348
403,completo_vips_3.json,SVR,128,1.6000053428206156,0.11838727464305605
404,completo_vips_3.json,Tree,8,82.2539255203109,0.276870684954573
405,completo_vips_3.json,Tree,16,5.658841003582627,0.22261970441525122
406,completo_vips_3.json,Tree,32,18.259050988019133,0.18091936675538822
407,completo_vips_3.json,Tree,64,1.354066327387881,0.1010583406400808
408,completo_vips_3.json,Tree,128,0.6398057524687093,0.047506909052117484
409,completo_vips_3.json,KNN,8,61.025524587377696,0.4104459070991359
410,completo_vips_3.json,KNN,16,82.66931036587877,0.3709406035656496
411,completo_vips_3.json,KNN,32,36.727358273805635,0.23440018679232089
412,completo_vips_3.json,KNN,64,5.558991508647702,0.23440213288980422
413,completo_vips_3.json,KNN,128,4.044383948916228,0.14949944558417297
414,completo_vips_4.json,Equation,8,7.952729295545977,0.08099773096255924
415,completo_vips_4.json,Equation,16,7.585269722050415,0.07019334964694396
416,completo_vips_4.json,Equation,32,2.173589953556625,0.07909028806458171
417,completo_vips_4.json,Equation,64,2.1238378515082164,0.0709423286481274
418,completo_vips_4.json,MLP,8,64.59588369086217,0.1870785043887385
419,completo_vips_4.json,MLP,16,153.44016780501997,0.38478660257291813
420,completo_vips_4.json,MLP,32,16.785889943262,0.1197872813919594
421,completo_vips_4.json,MLP,64,1.2027733579465314,0.030285672806764818
422,completo_vips_4.json,SVR_gridsearch,8,56.595980248648125,0.14203652544470052
423,completo_vips_4.json,SVR_gridsearch,16,45.838164287698326,0.1760657223754198
424,completo_vips_4.json,SVR_gridsearch,32,54.74089527142085,0.10736740734516166
425,completo_vips_4.json,SVR_gridsearch,64,6.137706686368376,0.07665711022762862
426,completo_vips_4.json,SVR,8,14.963987838778454,0.27539805223249897
427,completo_vips_4.json,SVR,16,23.19739425059596,0.2134997000236005
428,completo_vips_4.json,SVR,32,13.675376730457003,0.0797061554833767
429,completo_vips_4.json,SVR,64,1.6667664266861968,0.05037969353468311
430,completo_vips_4.json,Tree,8,34.894745605606516,0.41189163780897686
431,completo_vips_4.json,Tree,16,25.515889255785368,0.12002409702394047
432,completo_vips_4.json,Tree,32,4.466234192710921,0.05135280123533238
433,completo_vips_4.json,Tree,64,2.4375869224566373,0.02655081306125494
434,completo_vips_4.json,KNN,8,52.810552043906355,0.12189407038845353
435,completo_vips_4.json,KNN,16,59.13013046645146,0.12192768760060849
436,completo_vips_4.json,KNN,32,15.55652700334038,0.08700863718171468
437,completo_vips_4.json,KNN,64,13.310345384410237,0.07987309070629894
438,completo_x264_1.json,Equation,8,4.673463622730016,0.12213584203775796
439,completo_x264_1.json,Equation,16,4.390186184781233,0.11780101907253854
440,completo_x264_1.json,Equation,32,2.996614976674708,0.13347858955702574
441,completo_x264_1.json,Equation,64,1.19137102084879,0.26306620944398823
442,completo_x264_1.json,MLP,8,15.933879749970906,0.22725755665098135
443,completo_x264_1.json,MLP,16,8.974417179480499,0.4073406790361507
444,completo_x264_1.json,MLP,32,4.04555363669339,0.15761706350164487
445,completo_x264_1.json,MLP,64,0.10959818040080666,0.07424634062757747
446,completo_x264_1.json,SVR_gridsearch,8,22.860010948517534,0.29764138173259874
447,completo_x264_1.json,SVR_gridsearch,16,22.589376964218054,0.2170579761289011
448,completo_x264_1.json,SVR_gridsearch,32,16.72037884458523,0.24203616782313295
449,completo_x264_1.json,SVR_gridsearch,64,2.5545523932208622,0.19017609682367131
450,completo_x264_1.json,SVR,8,27.628355624896496,0.26379625352565367
451,completo_x264_1.json,SVR,16,17.202976901326316,0.394290102969823
452,completo_x264_1.json,SVR,32,0.9495054459351319,0.18602906231719232
453,completo_x264_1.json,SVR,64,0.16868204123544664,0.08562811502542693
454,completo_x264_1.json,Tree,8,14.758031643340587,0.21306954619743534
455,completo_x264_1.json,Tree,16,3.0217488095249943,0.18161157807211914
456,completo_x264_1.json,Tree,32,13.447259547403837,0.12378941462097737
457,completo_x264_1.json,Tree,64,0.14035302825793677,0.0461186767322212
458,completo_x264_1.json,KNN,8,18.711048133425024,0.5030715384839876
459,completo_x264_1.json,KNN,16,15.913389492750175,0.21422869524421667
460,completo_x264_1.json,KNN,32,8.17577774869385,0.2564636406529195
461,completo_x264_1.json,KNN,64,4.440711954093785,0.14258397926674335
462,completo_x264_2.json,Equation,8,1.1503133456282704,0.26531246648139223
463,completo_x264_2.json,Equation,16,4.97077886806725,0.12707577967792352
464,completo_x264_2.json,Equation,32,3.1085143460406877,0.13702312321349563
465,completo_x264_2.json,Equation,64,0.9857187689525778,0.25080957262740355
466,completo_x264_2.json,MLP,8,15.887975821437868,0.16315434795768255
467,completo_x264_2.json,MLP,16,9.173293470387085,0.47105882438503877
468,completo_x264_2.json,MLP,32,3.470400276622491,0.10887938453601352
469,completo_x264_2.json,MLP,64,0.0785353319555554,0.05643977081284733
470,completo_x264_2.json,SVR_gridsearch,8,24.20657476055193,0.2936868843694385
471,completo_x264_2.json,SVR_gridsearch,16,23.929685239599642,0.23511722221793757
472,completo_x264_2.json,SVR_gridsearch,32,17.484158849648214,0.2527725088098007
473,completo_x264_2.json,SVR_gridsearch,64,2.022138970172218,0.16404078386040155
474,completo_x264_2.json,SVR,8,29.24764805517961,0.26835730740897146
475,completo_x264_2.json,SVR,16,17.46918034380203,0.39423335126728715
476,completo_x264_2.json,SVR,32,1.568236906294248,0.15912361393245752
477,completo_x264_2.json,SVR,64,0.406639985310484,0.08516922487980833
478,completo_x264_2.json,Tree,8,15.57577248389308,0.23254271803751767
479,completo_x264_2.json,Tree,16,2.8228494677322473,0.18886143624608984
480,completo_x264_2.json,Tree,32,14.071841212853933,0.12023117722353896
481,completo_x264_2.json,Tree,64,1.0824124951251823,0.05967601374263881
482,completo_x264_2.json,KNN,8,19.6046420386636,0.5069894230355292
483,completo_x264_2.json,KNN,16,16.81283687707444,0.21331959147290902
484,completo_x264_2.json,KNN,32,7.814399168504247,0.26113434540423736
485,completo_x264_2.json,KNN,64,4.3626204576553445,0.14992222802968194
486,completo_x264_3.json,Equation,8,2.3399445961789227,0.5956039295137776
487,completo_x264_3.json,Equation,16,1.1307838524925513,0.23607520690899178
488,completo_x264_3.json,Equation,32,1.1353916724520425,0.23906291429539758
489,completo_x264_3.json,Equation,64,1.122332175181843,0.23832925841050318
490,completo_x264_3.json,Equation,128,1.0281536893675571,0.21511443521822202
491,completo_x264_3.json,MLP,8,20.513636256944164,0.18490918221036456
492,completo_x264_3.json,MLP,16,10.636181464502267,0.23278595647555403
493,completo_x264_3.json,MLP,32,10.20764561029836,0.2196605586814495
494,completo_x264_3.json,MLP,64,2.9231028220296063,0.16694962402232044
495,completo_x264_3.json,MLP,128,0.05354314793965416,0.049715219701374276
496,completo_x264_3.json,SVR_gridsearch,8,23.389799455705642,0.25476339885398974
497,completo_x264_3.json,SVR_gridsearch,16,28.02518373015608,0.2682687374572024
498,completo_x264_3.json,SVR_gridsearch,32,19.861447704725787,0.19981303765874023
499,completo_x264_3.json,SVR_gridsearch,64,13.743409994629799,0.14514798992247596
500,completo_x264_3.json,SVR_gridsearch,128,7.64070175979637,0.13801791029239197
501,completo_x264_3.json,SVR,8,7.914577178825805,0.8587088932876058
502,completo_x264_3.json,SVR,16,16.757015949670095,0.27508584771938177
503,completo_x264_3.json,SVR,32,1.5250005767207457,0.21930164620619316
504,completo_x264_3.json,SVR,64,0.3165412763007772,0.12230298904242363
505,completo_x264_3.json,SVR,128,0.0938931879093776,0.0835988878678711
506,completo_x264_3.json,Tree,8,26.960444902927666,0.22800675590872416
507,completo_x264_3.json,Tree,16,1.4331449149581867,0.10502630556644535
508,completo_x264_3.json,Tree,32,10.387230490430365,0.19406525426483884
509,completo_x264_3.json,Tree,64,0.28838162311978766,0.06986164143579979
510,completo_x264_3.json,Tree,128,0.0981675312738632,0.03930324955639746
511,completo_x264_3.json,KNN,8,23.167315936866768,0.4150853010908075
512,completo_x264_3.json,KNN,16,28.147475770167027,0.266177861539199
513,completo_x264_3.json,KNN,32,14.544261434016178,0.2491753926601814
514,completo_x264_3.json,KNN,64,1.4926453393900327,0.14594183311643302
515,completo_x264_3.json,KNN,128,0.8828542567202804,0.10942336953071033
516,completo_x264_4.json,Equation,8,6.570610957210458,0.09132417804400475
517,completo_x264_4.json,Equation,16,7.022806500872132,0.0887144140531577
518,completo_x264_4.json,Equation,32,3.8736595707532597,0.1267441228966244
519,completo_x264_4.json,Equation,64,6.678164851753749,0.0902818336747765
520,completo_x264_4.json,MLP,8,75.6243982249715,0.1843452959844407
521,completo_x264_4.json,MLP,16,314.8991795831371,0.7584082432702304
522,completo_x264_4.json,MLP,32,2.706264857468789,0.06583328982499802
523,completo_x264_4.json,MLP,64,5.927494868849656,0.043251979808521336
524,completo_x264_4.json,SVR_gridsearch,8,74.54084304477105,0.1499466497736049
525,completo_x264_4.json,SVR_gridsearch,16,73.54056161730887,0.22176971481365362
526,completo_x264_4.json,SVR_gridsearch,32,60.06403602213413,0.13264330204587288
527,completo_x264_4.json,SVR_gridsearch,64,9.673974971682462,0.08457982117133452
528,completo_x264_4.json,SVR,8,23.51233147272831,0.44504673112357074
529,completo_x264_4.json,SVR,16,20.212146872942036,0.19279619193237646
530,completo_x264_4.json,SVR,32,3.9181985699736828,0.0910534938576997
531,completo_x264_4.json,SVR,64,0.8303889725086698,0.03405164262451544
532,completo_x264_4.json,Tree,8,58.04546327495539,0.6566871172728318
533,completo_x264_4.json,Tree,16,39.92660898959948,0.11278567502948024
534,completo_x264_4.json,Tree,32,2.5831316417971912,0.04474184428868764
535,completo_x264_4.json,Tree,64,1.6977481433933546,0.022489609574002655
536,completo_x264_4.json,KNN,8,72.28376360561576,0.15341976176202513
537,completo_x264_4.json,KNN,16,87.71169257409281,0.1270684668961741
538,completo_x264_4.json,KNN,32,22.05711319492197,0.08304156478174214
539,completo_x264_4.json,KNN,64,18.75942045130563,0.08245265922280197
540,completo_xhpl.json,Equation,8,11.09593100494802,0.0602514473297024
541,completo_xhpl.json,Equation,16,11.21330426101284,0.047476869918581514
542,completo_xhpl.json,Equation,32,11.317637469459347,0.04481294636773578
543,completo_xhpl.json,Equation,64,11.026983440469621,0.04566541804417582
544,completo_xhpl.json,MLP,8,16.806283038346226,0.12720765812732868
545,completo_xhpl.json,MLP,16,69.54673606383673,0.5903272712272103
546,completo_xhpl.json,MLP,32,11.770140960081415,0.08202576036826352
547,completo_xhpl.json,MLP,64,3.1258116946668766,0.0721038470039301
548,completo_xhpl.json,SVR_gridsearch,8,18.169286323430846,0.12611492235836538
549,completo_xhpl.json,SVR_gridsearch,16,15.30948307839437,0.14633047008933223
550,completo_xhpl.json,SVR_gridsearch,32,16.29699985585258,0.08678661137877486
551,completo_xhpl.json,SVR_gridsearch,64,9.161868368323335,0.07831981990863843
552,completo_xhpl.json,SVR,8,19.82145522032457,0.1667052387468903
553,completo_xhpl.json,SVR,16,16.39665999151224,0.13215893332766412
554,completo_xhpl.json,SVR,32,12.358219549968783,0.0710910145645839
555,completo_xhpl.json,SVR,64,11.809833285326278,0.041886221271893176
556,completo_xhpl.json,Tree,8,16.55752231167216,0.10810440789533626
557,completo_xhpl.json,Tree,16,14.0561461725489,0.07871967077322296
558,completo_xhpl.json,Tree,32,15.442218155935889,0.06914084122123192
559,completo_xhpl.json,Tree,64,0.05471469057354193,0.01846892006022944
560,completo_xhpl.json,KNN,8,27.563336738471918,0.6386903693161033
561,completo_xhpl.json,KNN,16,17.064546963902334,0.13320552071295363
562,completo_xhpl.json,KNN,32,15.953692978767823,0.23305099053073292
563,completo_xhpl.json,KNN,64,13.392289936689586,0.09794450510832409
564,completo_xhpl_2.json,Equation,8,0.8079417950660728,0.11705316397531186
565,completo_xhpl_2.json,Equation,16,0.7165419743943541,0.08659806804541476
566,completo_xhpl_2.json,Equation,32,0.3037517981642314,0.07564871982192081
567,completo_xhpl_2.json,Equation,64,0.3201863725553061,0.06819378472434677
568,completo_xhpl_2.json,MLP,8,3.7807647156493553,0.18528079949957352
569,completo_xhpl_2.json,MLP,16,1.7900799252050688,0.1535136463355758
570,completo_xhpl_2.json,MLP,32,0.32564901837315974,0.06144326641135059
571,completo_xhpl_2.json,MLP,64,0.13886762871984049,0.05024806712840883
572,completo_xhpl_2.json,SVR_gridsearch,8,1.9402967759136844,0.12228272199551878
573,completo_xhpl_2.json,SVR_gridsearch,16,1.7056247007154586,0.17235495135780668
574,completo_xhpl_2.json,SVR_gridsearch,32,1.5685633138274304,0.09590272948472474
575,completo_xhpl_2.json,SVR_gridsearch,64,0.2424091661845705,0.058376242140131075
576,completo_xhpl_2.json,SVR,8,0.9648225638617132,0.1675570862019287
577,completo_xhpl_2.json,SVR,16,1.0279451949002967,0.11680358607045369
578,completo_xhpl_2.json,SVR,32,0.36613123163789096,0.10018913376530202
579,completo_xhpl_2.json,SVR,64,0.1505391263214252,0.046656931897197815
580,completo_xhpl_2.json,Tree,8,1.9250213778028857,0.16473653991722895
581,completo_xhpl_2.json,Tree,16,0.8963165594177755,0.08675485812686003
582,completo_xhpl_2.json,Tree,32,0.22181893779414938,0.062023633142591635
583,completo_xhpl_2.json,Tree,64,0.33585762859406,0.036206574405429424
584,completo_xhpl_2.json,KNN,8,2.0838902917221205,0.12265988079065208
585,completo_xhpl_2.json,KNN,16,2.8974023200934726,0.12507975138496735
586,completo_xhpl_2.json,KNN,32,0.49361862888004,0.08129451177262158
587,completo_xhpl_2.json,KNN,64,0.4255084704601562,0.0674665816857548
588,completo_black_1.json,Equation,8,0.09083474184726681,0.039429660056761455
589,completo_black_1.json,Equation,16,0.11596988626217951,0.04578632727167672
590,completo_black_1.json,Equation,32,0.08980166313381928,0.03717384765562031
591,completo_black_1.json,Equation,64,0.08186467945757119,0.03569626912120936
592,completo_black_1.json,Equation,128,0.07831153039868598,0.03559370976799917
593,completo_black_1.json,MLP,8,7.487464026896302,0.12010583156975096
594,completo_black_1.json,MLP,16,0.9500119905481942,0.11854506668635117
595,completo_black_1.json,MLP,32,0.8191477524984894,0.14497147577062622
596,completo_black_1.json,MLP,64,0.9920604319117281,0.04798671925355447
597,completo_black_1.json,MLP,128,0.02947899831444226,0.03019051349726871
598,completo_black_1.json,SVR_gridsearch,8,6.126231714488546,0.2451661103390751
599,completo_black_1.json,SVR_gridsearch,16,9.748005988065312,0.13953112533255244
600,completo_black_1.json,SVR_gridsearch,32,1.8464202236575578,0.12070886035417984
601,completo_black_1.json,SVR_gridsearch,64,0.45514772636246925,0.06640266717740623
602,completo_black_1.json,SVR_gridsearch,128,0.06122583711204382,0.030739215387278876
603,completo_black_1.json,SVR,8,11.828890750253374,0.2967711464232325
604,completo_black_1.json,SVR,16,3.6550605400367253,0.26703824414950234
605,completo_black_1.json,SVR,32,15.958143468303717,0.3268811380855287
606,completo_black_1.json,SVR,64,1.138737247148744,0.08429747809827116
607,completo_black_1.json,SVR,128,0.11735947828671169,0.031262990741616224
608,completo_black_1.json,Tree,8,13.177378443930111,0.2570314635223803
609,completo_black_1.json,Tree,16,3.373428773997075,0.12573328555569444
610,completo_black_1.json,Tree,32,0.8184309957272196,0.07920662438605792
611,completo_black_1.json,Tree,64,0.23646308876659503,0.05082281074020776
612,completo_black_1.json,Tree,128,0.08509543343248739,0.024060201284688762
613,completo_black_1.json,KNN,8,9.027776698253584,0.35250908821995725
614,completo_black_1.json,KNN,16,6.049785477689627,0.18940515540200545
615,completo_black_1.json,KNN,32,4.558633169346831,0.1468173809055383
616,completo_black_1.json,KNN,64,1.3204379898543854,0.11396477628205513
617,completo_black_1.json,KNN,128,0.8645539709666453,0.08524846593773434
618,completo_black_2.json,Equation,8,0.2995478651163106,0.04654438448333272
619,completo_black_2.json,Equation,16,0.27191737900717766,0.03942729038375016
620,completo_black_2.json,Equation,32,0.3101947211250658,0.042327431141014
621,completo_black_2.json,Equation,64,0.26406122881782534,0.03811752507990053
622,completo_black_2.json,Equation,128,0.25779202483166963,0.03720298828414708
623,completo_black_2.json,MLP,8,29.37513641379806,0.1790521807675618
624,completo_black_2.json,MLP,16,16.6648657437039,0.11995125781977084
625,completo_black_2.json,MLP,32,15.22160660354982,0.11077536386170554
626,completo_black_2.json,MLP,64,4.29279952493785,0.07835695245027546
627,completo_black_2.json,MLP,128,0.07290325382845741,0.024001525671647882
628,completo_black_2.json,SVR_gridsearch,8,50.54187719439145,0.18169485476816802
629,completo_black_2.json,SVR_gridsearch,16,49.31026610988842,0.17611878459261557
630,completo_black_2.json,SVR_gridsearch,32,15.441335208689328,0.11483768485694444
631,completo_black_2.json,SVR_gridsearch,64,12.946928203513757,0.10267886217693063
632,completo_black_2.json,SVR_gridsearch,128,5.574870670599861,0.06795861264297003
633,completo_black_2.json,SVR,8,13.805861679133349,0.48479818377715866
634,completo_black_2.json,SVR,16,21.46194143742846,0.20506604880217394
635,completo_black_2.json,SVR,32,3.8484904387675267,0.1492358588799436
636,completo_black_2.json,SVR,64,1.1329689148036288,0.05766706878228501
637,completo_black_2.json,SVR,128,0.10565255693915135,0.03105345975339093
638,completo_black_2.json,Tree,8,50.315612530320045,0.21462175578110915
639,completo_black_2.json,Tree,16,4.003131238967647,0.12478507402233915
640,completo_black_2.json,Tree,32,12.289013309234306,0.1159672010644019
641,completo_black_2.json,Tree,64,1.2864949258554987,0.06158276594208586
642,completo_black_2.json,Tree,128,0.6815784025924654,0.03024103961121537
643,completo_black_2.json,KNN,8,38.38137347199221,0.4037444612527853
644,completo_black_2.json,KNN,16,53.20642384302167,0.2262716569928346
645,completo_black_2.json,KNN,32,22.873865410456983,0.18000972309077534
646,completo_black_2.json,KNN,64,3.4826582907166506,0.12319996537136806
647,completo_black_2.json,KNN,128,2.382542467084624,0.09018069178766541
648,completo_black_3.json,Equation,8,3.4846761494800695,0.03811900503489399
649,completo_black_3.json,Equation,16,2.8938879696993327,0.03261393828289925
650,completo_black_3.json,Equation,32,3.2193544434671826,0.033793681073526316
651,completo_black_3.json,Equation,64,2.896443027803862,0.032141895700634686
652,completo_black_3.json,Equation,128,2.8176152890287276,0.030068006280248798
653,completo_black_3.json,MLP,8,471.48883942073326,0.14193048254411805
654,completo_black_3.json,MLP,16,151.74859910460566,0.13101051529892854
655,completo_black_3.json,MLP,32,226.33732893154624,0.09882579897612723
656,completo_black_3.json,MLP,64,25.363442398594152,0.05216447638228724
657,completo_black_3.json,MLP,128,0.9115722346204527,0.021456896475405038
658,completo_black_3.json,SVR_gridsearch,8,882.3813442561357,0.2636798534122932
659,completo_black_3.json,SVR_gridsearch,16,697.4163264274308,0.1786310352911039
660,completo_black_3.json,SVR_gridsearch,32,196.49367903103825,0.12649142324889587
661,completo_black_3.json,SVR_gridsearch,64,197.32763248670062,0.09135265190227138
662,completo_black_3.json,SVR_gridsearch,128,66.31413900741089,0.05907570844485556
663,completo_black_3.json,SVR,8,205.21108371361672,0.7410756834923177
664,completo_black_3.json,SVR,16,322.071052554286,0.2427043256898048
665,completo_black_3.json,SVR,32,49.62952012991597,0.16309056510890382
666,completo_black_3.json,SVR,64,4.755023553556805,0.04330285897908391
667,completo_black_3.json,SVR,128,1.9266167797824398,0.024122388849584377
668,completo_black_3.json,Tree,8,757.6437830218015,0.22045255145089507
669,completo_black_3.json,Tree,16,53.77649016590478,0.1393378531652801
670,completo_black_3.json,Tree,32,177.13600936263794,0.13216193971192297
671,completo_black_3.json,Tree,64,17.275585949123336,0.07211891987379031
672,completo_black_3.json,Tree,128,6.833877403251359,0.02918386625907102
673,completo_black_3.json,KNN,8,581.7900954259705,0.4835429685475263
674,completo_black_3.json,KNN,16,812.6252413685842,0.23903879487319635
675,completo_black_3.json,KNN,32,336.52608116247853,0.18437268200842205
676,completo_black_3.json,KNN,64,48.53727843955411,0.12121663453577582
677,completo_black_3.json,KNN,128,32.53714021654961,0.08349524760479853
678,completo_black_4.json,Equation,8,13.471868634269468,0.034925023551897805
679,completo_black_4.json,Equation,16,11.137741793770791,0.02728240295557377
680,completo_black_4.json,Equation,32,13.567057082143242,0.027501803836975213
681,completo_black_4.json,Equation,64,11.771151583151088,0.02828647126397373
682,completo_black_4.json,Equation,128,11.043593054917633,0.02370778370852631
683,completo_black_4.json,MLP,8,1937.2738714581806,0.11861778228091695
684,completo_black_4.json,MLP,16,875.7723790469903,0.11559256674056131
685,completo_black_4.json,MLP,32,465.968673328193,0.07850129800091826
686,completo_black_4.json,MLP,64,34.63222863302166,0.03650811769950988
687,completo_black_4.json,MLP,128,4.025617828612877,0.01786517439116939
688,completo_black_4.json,SVR_gridsearch,8,3585.2526097453397,0.2631683797274686
689,completo_black_4.json,SVR_gridsearch,16,2978.3083706794137,0.1938579374712336
690,completo_black_4.json,SVR_gridsearch,32,950.9682671946787,0.11612933080288074
691,completo_black_4.json,SVR_gridsearch,64,883.7928435161541,0.08194376135006702
692,completo_black_4.json,SVR_gridsearch,128,318.57382976528345,0.058793251366358046
693,completo_black_4.json,SVR,8,834.3262564287735,0.7430212263463744
694,completo_black_4.json,SVR,16,1289.9052970386592,0.2506579565812631
695,completo_black_4.json,SVR,32,203.72783508066422,0.17014440946322887
696,completo_black_4.json,SVR,64,36.139240293569706,0.03837856104559004
697,completo_black_4.json,SVR,128,8.512371710360862,0.019853221827573358
698,completo_black_4.json,Tree,8,3107.0462264863327,0.23183708481948223
699,completo_black_4.json,Tree,16,222.10174129319003,0.13174320045931606
700,completo_black_4.json,Tree,32,722.5013931872226,0.13300196779734733
701,completo_black_4.json,Tree,64,68.83704352763768,0.06959211265833262
702,completo_black_4.json,Tree,128,29.73697961536966,0.023695236146248064
703,completo_black_4.json,KNN,8,2366.9140798337653,0.4842597717098494
704,completo_black_4.json,KNN,16,3294.80325423131,0.2401450832495906
705,completo_black_4.json,KNN,32,1377.7717174430222,0.18439696861597563
706,completo_black_4.json,KNN,64,201.73270701756496,0.12241475921869889
707,completo_black_4.json,KNN,128,138.80886010483832,0.08214194765465695
708,completo_black_5.json,Equation,8,7.464047075900587,0.015328393866858334
709,completo_black_5.json,Equation,16,8.117117996169814,0.026688221410600718
710,completo_black_5.json,Equation,32,11.601209641248357,0.016154299114361698
711,completo_black_5.json,Equation,64,7.927862425306169,0.015229519682286093
712,completo_black_5.json,MLP,8,2221.690833696907,0.07344641370466819
713,completo_black_5.json,MLP,16,1345.599162423396,0.11718679940770346
714,completo_black_5.json,MLP,32,1676.6205636348661,0.06412112357566029
715,completo_black_5.json,MLP,64,1.7998151386060652,0.008334597189139406
716,completo_black_5.json,SVR_gridsearch,8,6778.722118040344,0.2995610644272853
717,completo_black_5.json,SVR_gridsearch,16,10122.984107236403,0.3160816292845429
718,completo_black_5.json,SVR_gridsearch,32,4068.190253878884,0.15790157501328708
719,completo_black_5.json,SVR_gridsearch,64,747.4239886450893,0.07888613433364723
720,completo_black_5.json,SVR,8,10070.167095237723,0.331781004480048
721,completo_black_5.json,SVR,16,4282.767771599166,0.5054824635466607
722,completo_black_5.json,SVR,32,380.68448590574855,0.13149375455120296
723,completo_black_5.json,SVR,64,37.69751332060527,0.014943820285032623
724,completo_black_5.json,Tree,8,3026.9732759784138,0.19376454253882727
725,completo_black_5.json,Tree,16,1362.506010307188,0.23133578985073566
726,completo_black_5.json,Tree,32,2492.485226906226,0.09639315540539742
727,completo_black_5.json,Tree,64,75.82700564787527,0.030540025708910595
728,completo_black_5.json,KNN,8,5911.292194708904,0.36115472903383716
729,completo_black_5.json,KNN,16,4604.980579008332,0.18909958917618316
730,completo_black_5.json,KNN,32,1691.175830136314,0.16142832605181281
731,completo_black_5.json,KNN,64,854.9059467164842,0.10470089747995337
732,completo_black_6.json,Equation,8,2139.601945588037,0.100365094326246
733,completo_black_6.json,Equation,16,1901.590472784085,0.07673748232649995
734,completo_black_6.json,Equation,32,542.4421875833704,0.06520870673596346
735,completo_black_6.json,Equation,64,605.8861258764538,0.05844480880366582
736,completo_black_6.json,MLP,8,7184.552192141094,0.14458704692138286
737,completo_black_6.json,MLP,16,5559.947592277697,0.2602606849309958
738,completo_black_6.json,MLP,32,619.3807453306682,0.03946169469537525
739,completo_black_6.json,MLP,64,505.62453325309366,0.03431988553152443
740,completo_black_6.json,SVR_gridsearch,8,6581.631726513144,0.26905146957518455
741,completo_black_6.json,SVR_gridsearch,16,6554.915276115009,0.20676114569928844
742,completo_black_6.json,SVR_gridsearch,32,4882.812885816446,0.11112603513810299
743,completo_black_6.json,SVR_gridsearch,64,546.6994960030088,0.04483737103464003
744,completo_black_6.json,SVR,8,1853.6887695057965,0.281162005547967
745,completo_black_6.json,SVR,16,1963.1587091227166,0.1197344520411629
746,completo_black_6.json,SVR,32,359.1043902416994,0.07796631567073649
747,completo_black_6.json,SVR,64,184.82648795205475,0.04054657615704731
748,completo_black_6.json,Tree,8,5581.173260883035,0.21091847502247124
749,completo_black_6.json,Tree,16,2354.51476779908,0.08190633039257714
750,completo_black_6.json,Tree,32,1678.2530065916044,0.06960901214870849
751,completo_black_6.json,Tree,64,806.2820055247336,0.02677089131756653
752,completo_black_6.json,KNN,8,5235.65003907157,0.1481910120938018
753,completo_black_6.json,KNN,16,7320.400428045275,0.12406712680476048
754,completo_black_6.json,KNN,32,1004.0994164087253,0.06143636477902937
755,completo_black_6.json,KNN,64,948.3238486485762,0.05435516177738785
756,completo_bodytrack_1.json,Equation,8,42.780387421631616,0.14166232185261116
757,completo_bodytrack_1.json,Equation,16,109.24545329302404,0.27098048709202627
758,completo_bodytrack_1.json,Equation,32,51.30654300085055,0.1336292430588926
759,completo_bodytrack_1.json,Equation,64,48.78326709146969,0.13976943016376803
760,completo_bodytrack_1.json,Equation,128,41.652612932124576,0.1410024288839038
761,completo_bodytrack_1.json,MLP,8,152.53827026934016,0.1975714694119331
762,completo_bodytrack_1.json,MLP,16,155.86651421229223,0.26649326368892257
763,completo_bodytrack_1.json,MLP,32,204.15096948992158,0.21955664907842937
764,completo_bodytrack_1.json,MLP,64,56.296218551025476,0.15312039911425926
765,completo_bodytrack_1.json,MLP,128,41.35652590178965,0.11478034708247582
766,completo_bodytrack_1.json,SVR_gridsearch,8,556.4675334167557,0.4486518749421102
767,completo_bodytrack_1.json,SVR_gridsearch,16,476.52539256193865,0.21755937085096555
768,completo_bodytrack_1.json,SVR_gridsearch,32,508.3464955149035,0.3665447813358233
769,completo_bodytrack_1.json,SVR_gridsearch,64,260.38969741454605,0.18234776731498992
770,completo_bodytrack_1.json,SVR_gridsearch,128,57.99079271483175,0.12401794744252606
771,completo_bodytrack_1.json,SVR,8,698.1318253147425,0.30481879869000345
772,completo_bodytrack_1.json,SVR,16,619.0558946462339,0.4324652957251293
773,completo_bodytrack_1.json,SVR,32,264.321856359586,0.30234354181064577
774,completo_bodytrack_1.json,SVR,64,73.30876275083317,0.17348661128774423
775,completo_bodytrack_1.json,SVR,128,64.2623884001876,0.1282350822894249
776,completo_bodytrack_1.json,Tree,8,237.16837792073758,0.3018802039944147
777,completo_bodytrack_1.json,Tree,16,359.5645437658371,0.216676051439764
778,completo_bodytrack_1.json,Tree,32,104.66834274234996,0.15393204805188251
779,completo_bodytrack_1.json,Tree,64,86.92159454514109,0.14048507238174432
780,completo_bodytrack_1.json,Tree,128,63.940330571998125,0.08179411889656399
781,completo_bodytrack_1.json,KNN,8,584.0116675672093,0.39953367712711935
782,completo_bodytrack_1.json,KNN,16,425.64943410955107,0.3136677101522108
783,completo_bodytrack_1.json,KNN,32,186.52995510103312,0.23392284732644447
784,completo_bodytrack_1.json,KNN,64,136.6263187574088,0.22422852831995155
785,completo_bodytrack_1.json,KNN,128,86.44389015980356,0.16951419430421902
786,completo_bodytrack_2.json,Equation,8,42.780387421631616,0.14166232185261116
787,completo_bodytrack_2.json,Equation,16,109.24545329302404,0.27098048709202627
788,completo_bodytrack_2.json,Equation,32,51.30654300085055,0.1336292430588926
789,completo_bodytrack_2.json,Equation,64,48.78326709146969,0.13976943016376803
790,completo_bodytrack_2.json,Equation,128,41.652612932124576,0.1410024288839038
791,completo_bodytrack_2.json,MLP,8,152.53827026934016,0.1975714694119331
792,completo_bodytrack_2.json,MLP,16,155.86651421229223,0.26649326368892257
793,completo_bodytrack_2.json,MLP,32,204.15096948992158,0.21955664907842937
794,completo_bodytrack_2.json,MLP,64,56.296218551025476,0.15312039911425926
795,completo_bodytrack_2.json,MLP,128,41.35652590178965,0.11478034708247582
796,completo_bodytrack_2.json,SVR_gridsearch,8,556.4675334167557,0.4486518749421102
797,completo_bodytrack_2.json,SVR_gridsearch,16,476.52539256193865,0.21755937085096555
798,completo_bodytrack_2.json,SVR_gridsearch,32,508.3464955149035,0.3665447813358233
799,completo_bodytrack_2.json,SVR_gridsearch,64,260.38969741454605,0.18234776731498992
800,completo_bodytrack_2.json,SVR_gridsearch,128,57.99079271483175,0.12401794744252606
801,completo_bodytrack_2.json,SVR,8,698.1318253147425,0.30481879869000345
802,completo_bodytrack_2.json,SVR,16,619.0558946462339,0.4324652957251293
803,completo_bodytrack_2.json,SVR,32,264.321856359586,0.30234354181064577
804,completo_bodytrack_2.json,SVR,64,73.30876275083317,0.17348661128774423
805,completo_bodytrack_2.json,SVR,128,64.2623884001876,0.1282350822894249
806,completo_bodytrack_2.json,Tree,8,237.16837792073758,0.3018802039944147
807,completo_bodytrack_2.json,Tree,16,359.5645437658371,0.216676051439764
808,completo_bodytrack_2.json,Tree,32,104.66834274234996,0.15393204805188251
809,completo_bodytrack_2.json,Tree,64,86.92159454514109,0.14048507238174432
810,completo_bodytrack_2.json,Tree,128,63.940330571998125,0.08179411889656399
811,completo_bodytrack_2.json,KNN,8,584.0116675672093,0.39953367712711935
812,completo_bodytrack_2.json,KNN,16,425.64943410955107,0.3136677101522108
813,completo_bodytrack_2.json,KNN,32,186.52995510103312,0.23392284732644447
814,completo_bodytrack_2.json,KNN,64,136.6263187574088,0.22422852831995155
815,completo_bodytrack_2.json,KNN,128,86.44389015980356,0.16951419430421902
816,completo_bodytrack_3.json,Equation,8,416.71683532138377,0.22234909277849432
817,completo_bodytrack_3.json,Equation,16,498.73741855063923,0.2693513016581491
818,completo_bodytrack_3.json,Equation,32,129.07428907066662,0.18209981129868183
819,completo_bodytrack_3.json,Equation,64,127.68243498806741,0.1712751198986927
820,completo_bodytrack_3.json,MLP,8,946.6314872341022,0.5347470224152471
821,completo_bodytrack_3.json,MLP,16,326.86872793975704,0.2497096084757093
822,completo_bodytrack_3.json,MLP,32,254.59640390662307,0.22912992954456973
823,completo_bodytrack_3.json,MLP,64,157.24328331068148,0.16626303459648656
824,completo_bodytrack_3.json,SVR_gridsearch,8,404.52098121214954,0.2433317697159068
825,completo_bodytrack_3.json,SVR_gridsearch,16,414.9941418901421,0.3600143267330482
826,completo_bodytrack_3.json,SVR_gridsearch,32,238.49646364650465,0.2233357395608114
827,completo_bodytrack_3.json,SVR_gridsearch,64,196.52266403773106,0.18813392739725435
828,completo_bodytrack_3.json,SVR,8,287.96271910411565,0.3439849858639211
829,completo_bodytrack_3.json,SVR,16,536.6792232422052,0.3900692937463339
830,completo_bodytrack_3.json,SVR,32,209.75372313285385,0.24143163128467338
831,completo_bodytrack_3.json,SVR,64,122.99579355186148,0.1597958441536645
832,completo_bodytrack_3.json,Tree,8,430.0872280536409,0.27303553106141387
833,completo_bodytrack_3.json,Tree,16,386.95896365456395,0.36110141549966335
834,completo_bodytrack_3.json,Tree,32,240.6980834382738,0.18446276654411878
835,completo_bodytrack_3.json,Tree,64,159.54077199400697,0.11349432849640843
836,completo_bodytrack_3.json,KNN,8,404.24036365829863,0.29342462023270466
837,completo_bodytrack_3.json,KNN,16,524.4087827711768,0.32837420303701537
838,completo_bodytrack_3.json,KNN,32,208.53656910268955,0.1884521496032166
839,completo_bodytrack_3.json,KNN,64,170.6130313151477,0.17832215629374534
840,completo_canneal_1.json,Equation,8,0.9046727022830061,0.04340168134478826
841,completo_canneal_1.json,Equation,16,1.1864591009850967,0.04546558102917335
842,completo_canneal_1.json,Equation,32,0.4074201991778125,0.03219373064538964
843,completo_canneal_1.json,Equation,64,0.40654507508742205,0.03201614593158044
844,completo_canneal_1.json,MLP,8,1.4245147127153444,0.04637400260500726
845,completo_canneal_1.json,MLP,16,1.184179801842498,0.046090973724312125
846,completo_canneal_1.json,MLP,32,0.6441388479065746,0.023501157762328338
847,completo_canneal_1.json,MLP,64,0.105872327502118,0.014876166318814475
848,completo_canneal_1.json,SVR_gridsearch,8,1.1507515123983187,0.04068320098306
849,completo_canneal_1.json,SVR_gridsearch,16,0.9623296362928834,0.04158301875920759
850,completo_canneal_1.json,SVR_gridsearch,32,0.39954459854563906,0.02630952888787609
851,completo_canneal_1.json,SVR_gridsearch,64,0.2175793814382553,0.019995415795822025
852,completo_canneal_1.json,SVR,8,7.105445782051105,0.13072102260362864
853,completo_canneal_1.json,SVR,16,4.488219746194248,0.10046566401240883
854,completo_canneal_1.json,SVR,32,2.060739838899676,0.05021296635527235
855,completo_canneal_1.json,SVR,64,0.5386290657823097,0.021935352568737954
856,completo_canneal_1.json,Tree,8,2.363224634553287,0.06105506119401175
857,completo_canneal_1.json,Tree,16,1.2862504574621345,0.04585688350663967
858,completo_canneal_1.json,Tree,32,1.1698661943353652,0.03488846715357764
859,completo_canneal_1.json,Tree,64,0.36118483870846396,0.014792044307038905
860,completo_canneal_1.json,KNN,8,6.758527005667025,0.1223340336755597
861,completo_canneal_1.json,KNN,16,5.205235358394618,0.11191726663409467
862,completo_canneal_1.json,KNN,32,4.2602542653599915,0.10293221038559146
863,completo_canneal_1.json,KNN,64,3.5569132334867257,0.09612839869595434
864,completo_canneal_2.json,Equation,8,0.7480181867332012,0.04121100298349742
865,completo_canneal_2.json,Equation,16,0.7794084969661558,0.04283350862313466
866,completo_canneal_2.json,Equation,32,0.46974982489576983,0.034023239681508326
867,completo_canneal_2.json,Equation,64,0.4557278306634744,0.03521479962344039
868,completo_canneal_2.json,MLP,8,1.591369651751866,0.05580969670886939
869,completo_canneal_2.json,MLP,16,0.6347897403981094,0.033022424933140074
870,completo_canneal_2.json,MLP,32,0.9339459844297968,0.031775580606194564
871,completo_canneal_2.json,MLP,64,0.09893962659552642,0.012677292713277942
872,completo_canneal_2.json,SVR_gridsearch,8,3.4326553680200194,0.07110992299152692
873,completo_canneal_2.json,SVR_gridsearch,16,1.0112948289040187,0.035489586615733204
874,completo_canneal_2.json,SVR_gridsearch,32,0.8539994822051262,0.03278303612848152
875,completo_canneal_2.json,SVR_gridsearch,64,0.23317769250197296,0.019252318473873726
876,completo_canneal_2.json,SVR,8,6.924023981048777,0.1258762285181365
877,completo_canneal_2.json,SVR,16,4.6038083315947835,0.09934200542318986
878,completo_canneal_2.json,SVR,32,1.8686604573358814,0.04957870645034623
879,completo_canneal_2.json,SVR,64,0.5247170477156973,0.021804672510803477
880,completo_canneal_2.json,Tree,8,2.494489153934556,0.062118226358409696
881,completo_canneal_2.json,Tree,16,1.5695338567771742,0.0507688185915329
882,completo_canneal_2.json,Tree,32,0.9241086982552393,0.030528461178491232
883,completo_canneal_2.json,Tree,64,0.2873373413438669,0.0142230477176061
884,completo_canneal_2.json,KNN,8,6.701977055744374,0.1208413743843908
885,completo_canneal_2.json,KNN,16,5.1119859564056815,0.10896670994497905
886,completo_canneal_2.json,KNN,32,4.169569725854769,0.1006017131866024
887,completo_canneal_2.json,KNN,64,3.62552307255098,0.09570578764001132
888,completo_canneal_3.json,Equation,8,9.313099169013967,0.08269789479764787
889,completo_canneal_3.json,Equation,16,8.254223910069598,0.06630807005499957
890,completo_canneal_3.json,Equation,32,8.513499744134227,0.06107998927670181
891,completo_canneal_3.json,Equation,64,7.941761592090213,0.06384909123284033
892,completo_canneal_3.json,Equation,128,7.908900525184682,0.06272214590643242
893,completo_canneal_3.json,MLP,8,11.469095665789363,0.07409037897893005
894,completo_canneal_3.json,MLP,16,9.055078418741674,0.0675545938252141
895,completo_canneal_3.json,MLP,32,10.097947903146583,0.0867280007836405
896,completo_canneal_3.json,MLP,64,6.927677256570919,0.07190652172142913
897,completo_canneal_3.json,MLP,128,8.360388735406488,0.06832163425512129
898,completo_canneal_3.json,SVR_gridsearch,8,12.027276164748368,0.07945213139514644
899,completo_canneal_3.json,SVR_gridsearch,16,9.550992269086304,0.08578947151032422
900,completo_canneal_3.json,SVR_gridsearch,32,9.977911436723623,0.065672689627911
901,completo_canneal_3.json,SVR_gridsearch,64,7.80344789767306,0.06834976960582691
902,completo_canneal_3.json,SVR_gridsearch,128,7.747534313929738,0.0550367200226313
903,completo_canneal_3.json,SVR,8,14.096692699019513,0.13430313914888883
904,completo_canneal_3.json,SVR,16,14.032862691271413,0.1286863429912557
905,completo_canneal_3.json,SVR,32,21.433156540071508,0.15736816291083436
906,completo_canneal_3.json,SVR,64,31.911234631851062,0.13767323572387954
907,completo_canneal_3.json,SVR,128,13.379890606375815,0.08478032942078301
908,completo_canneal_3.json,Tree,8,13.221559387491824,0.09322895931288555
909,completo_canneal_3.json,Tree,16,18.86052892514334,0.12840023624840202
910,completo_canneal_3.json,Tree,32,14.587986723709083,0.10402783696127575
911,completo_canneal_3.json,Tree,64,10.678495281254984,0.07089210847585814
912,completo_canneal_3.json,Tree,128,4.426736323216698,0.0282818426601515
913,completo_canneal_3.json,KNN,8,19.55592143507341,0.21543162047898054
914,completo_canneal_3.json,KNN,16,15.099908493281612,0.14102028607462572
915,completo_canneal_3.json,KNN,32,14.693014793243956,0.1522205192241319
916,completo_canneal_3.json,KNN,64,11.70325376673731,0.1213949726475686
917,completo_canneal_3.json,KNN,128,11.00290933560813,0.1250708521198721
918,completo_canneal_4.json,Equation,8,7.719456676306933,0.07751075003161757
919,completo_canneal_4.json,Equation,16,8.029868814121475,0.07847597323292951
920,completo_canneal_4.json,Equation,32,2.5507746413648973,0.05809010696353418
921,completo_canneal_4.json,Equation,64,2.553465399177774,0.054413637650480434
922,completo_canneal_4.json,MLP,8,33.452852967572014,0.21163871065135498
923,completo_canneal_4.json,MLP,16,3.266582369303719,0.06459749079192198
924,completo_canneal_4.json,MLP,32,1.8964892806064213,0.05089665978109374
925,completo_canneal_4.json,MLP,64,2.0693155685565285,0.05103180471465063
926,completo_canneal_4.json,SVR_gridsearch,8,3.3780336912728726,0.0701334730761241
927,completo_canneal_4.json,SVR_gridsearch,16,3.3698677678368667,0.06668373732632767
928,completo_canneal_4.json,SVR_gridsearch,32,2.704101655551557,0.05476656670399975
929,completo_canneal_4.json,SVR_gridsearch,64,2.4898094997258684,0.05347392682378792
930,completo_canneal_4.json,SVR,8,5.416526149550315,0.08255076684829381
931,completo_canneal_4.json,SVR,16,6.6715006387582285,0.07270485938582869
932,completo_canneal_4.json,SVR,32,3.414498941433088,0.05715942874804942
933,completo_canneal_4.json,SVR,64,40.102801324069965,0.09479547957315476
934,completo_canneal_4.json,Tree,8,3.0739718205501543,0.06142900431655631
935,completo_canneal_4.json,Tree,16,3.861133433254272,0.06603989174669271
936,completo_canneal_4.json,Tree,32,3.411266312887663,0.05714208716785871
937,completo_canneal_4.json,Tree,64,1.8883081614474602,0.03591247485740007
938,completo_canneal_4.json,KNN,8,3.430724819176941,0.07154125615704365
939,completo_canneal_4.json,KNN,16,3.2134557791409253,0.07001579334592958
940,completo_canneal_4.json,KNN,32,3.019356223086827,0.0575053291955366
941,completo_canneal_4.json,KNN,64,2.7765431345973166,0.05842683723223564
942,completo_dedup_1.json,Equation,8,0.23330079339292756,0.09607093569197078
943,completo_dedup_1.json,Equation,16,0.24832700594940732,0.09383420093709834
944,completo_dedup_1.json,Equation,32,0.18310902828265985,0.09026430359355142
945,completo_dedup_1.json,Equation,64,0.16091431444648543,0.08347731472005371
946,completo_dedup_1.json,MLP,8,1.4573258737879558,0.1470821817196875
947,completo_dedup_1.json,MLP,16,1.4067713188529838,0.2111169540563754
948,completo_dedup_1.json,MLP,32,0.5782457043211303,0.11870612766064256
949,completo_dedup_1.json,MLP,64,0.1362189941127033,0.0761091462775147
950,completo_dedup_1.json,SVR_gridsearch,8,3.1824454164493217,0.1466004612347813
951,completo_dedup_1.json,SVR_gridsearch,16,2.114103439564027,0.21415928218235816
952,completo_dedup_1.json,SVR_gridsearch,32,2.4241347037432535,0.18792176361947988
953,completo_dedup_1.json,SVR_gridsearch,64,0.42200464931905896,0.09824037938649732
954,completo_dedup_1.json,SVR,8,3.321430544340529,0.1972013509902436
955,completo_dedup_1.json,SVR,16,1.8694100069604922,0.12458692792980686
956,completo_dedup_1.json,SVR,32,0.2994304385707692,0.08300112869126937
957,completo_dedup_1.json,SVR,64,1.0771562278579128,0.10732311759680933
958,completo_dedup_1.json,Tree,8,1.6684909130331067,0.15635908322718786
959,completo_dedup_1.json,Tree,16,0.824489054406898,0.14124218275647119
960,completo_dedup_1.json,Tree,32,1.3851054459595287,0.11364318002498329
961,completo_dedup_1.json,Tree,64,0.1697763756004389,0.043963700821309286
962,completo_dedup_1.json,KNN,8,2.7111409564650812,0.24159347380532478
963,completo_dedup_1.json,KNN,16,2.298664520660176,0.15655589885824464
964,completo_dedup_1.json,KNN,32,0.9998132701969377,0.14316831394496365
965,completo_dedup_1.json,KNN,64,0.586412448715025,0.11840503843284385
966,completo_dedup_2.json,Equation,8,0.14842211581407555,0.08216372216990661
967,completo_dedup_2.json,Equation,16,0.16055684509982354,0.08300372738815244
968,completo_dedup_2.json,Equation,32,0.1437489304499514,0.08091784717614174
969,completo_dedup_2.json,Equation,64,0.13779444976660665,0.07821856156339012
970,completo_dedup_2.json,MLP,8,1.6667566070159816,0.124370107244502
971,completo_dedup_2.json,MLP,16,23.98106009432028,0.7239175516282526
972,completo_dedup_2.json,MLP,32,0.7833662969166978,0.10176214313074844
973,completo_dedup_2.json,MLP,64,0.13785192280187417,0.07372795655824245
974,completo_dedup_2.json,SVR_gridsearch,8,2.9604737070510203,0.21397363425520263
975,completo_dedup_2.json,SVR_gridsearch,16,2.102908169390659,0.16333976371758394
976,completo_dedup_2.json,SVR_gridsearch,32,1.5297097404473898,0.1524194987017206
977,completo_dedup_2.json,SVR_gridsearch,64,0.5689219525386263,0.10828980781854829
978,completo_dedup_2.json,SVR,8,3.297456888763382,0.17980486719906377
979,completo_dedup_2.json,SVR,16,1.7290081684737857,0.12104787207746524
980,completo_dedup_2.json,SVR,32,0.30184117415274575,0.08140431165654874
981,completo_dedup_2.json,SVR,64,0.16826599145936538,0.061271643610162733
982,completo_dedup_2.json,Tree,8,1.378179159041484,0.12435003513154418
983,completo_dedup_2.json,Tree,16,0.8067708270281954,0.14087781920075584
984,completo_dedup_2.json,Tree,32,1.130376233687795,0.10523599065589477
985,completo_dedup_2.json,Tree,64,0.0920074654881279,0.030917760093254188
986,completo_dedup_2.json,KNN,8,2.6242385791890266,0.2164347995422264
987,completo_dedup_2.json,KNN,16,2.314623844951864,0.15200367703853132
988,completo_dedup_2.json,KNN,32,0.9984582390596927,0.14259101215426903
989,completo_dedup_2.json,KNN,64,0.4841343916084351,0.0975241914930923
990,completo_dedup_3.json,Equation,8,0.18080644825239145,0.09175616182259784
991,completo_dedup_3.json,Equation,16,0.10219150680585579,0.06788325126075427
992,completo_dedup_3.json,Equation,32,0.09211820756593461,0.06432857149894793
993,completo_dedup_3.json,Equation,64,0.09410616451350082,0.06115794997961878
994,completo_dedup_3.json,Equation,128,0.08944217698893002,0.061913916059360675
995,completo_dedup_3.json,MLP,8,2.0182593942350895,0.11625764813046212
996,completo_dedup_3.json,MLP,16,1.2022171661842278,0.1302176469089909
997,completo_dedup_3.json,MLP,32,0.2868031900433021,0.08445840163155573
998,completo_dedup_3.json,MLP,64,0.34483862949309096,0.06944190842000139
999,completo_dedup_3.json,MLP,128,0.08002902903052728,0.057558563996853204
1000,completo_dedup_3.json,SVR_gridsearch,8,4.185173738184976,0.14804170480500672
1001,completo_dedup_3.json,SVR_gridsearch,16,3.3109314183872587,0.16948600426898638
1002,completo_dedup_3.json,SVR_gridsearch,32,2.087344076580513,0.11670240632906985
1003,completo_dedup_3.json,SVR_gridsearch,64,1.094993712231295,0.0904430239169115
1004,completo_dedup_3.json,SVR_gridsearch,128,0.4268333527018142,0.07961356858214741
1005,completo_dedup_3.json,SVR,8,1.1240998857335343,0.17097557107561584
1006,completo_dedup_3.json,SVR,16,1.5291436641748912,0.15326827489712286
1007,completo_dedup_3.json,SVR,32,0.6350954924126903,0.13557059822679962
1008,completo_dedup_3.json,SVR,64,0.18718686377709695,0.07406665311741993
1009,completo_dedup_3.json,SVR,128,0.11036551258222808,0.056339246590538815
1010,completo_dedup_3.json,Tree,8,3.84939624829906,0.15800757885887617
1011,completo_dedup_3.json,Tree,16,0.4809277973207928,0.09870542611183158
1012,completo_dedup_3.json,Tree,32,0.8375595043833527,0.11042260539521163
1013,completo_dedup_3.json,Tree,64,0.13908739338887322,0.05270157023685568
1014,completo_dedup_3.json,Tree,128,0.055921575318115896,0.025876270145852844
1015,completo_dedup_3.json,KNN,8,2.8696189431223154,0.2305253061430258
1016,completo_dedup_3.json,KNN,16,3.995153716641131,0.1734308662535516
1017,completo_dedup_3.json,KNN,32,2.008219245383312,0.1485370582903776
1018,completo_dedup_3.json,KNN,64,0.45909100090691835,0.10060112549195466
1019,completo_dedup_3.json,KNN,128,0.3202654990208105,0.07986548949116087
1020,completo_dedup_4.json,Equation,8,1.0984491307105866,0.11334105500310666
1021,completo_dedup_4.json,Equation,16,1.6230320145380652,0.12116451979899787
1022,completo_dedup_4.json,Equation,32,0.4665767148346161,0.09476872807724913
1023,completo_dedup_4.json,Equation,64,0.4650748943564708,0.09093896243579175
1024,completo_dedup_4.json,MLP,8,3.537326834901752,0.15958534947540692
1025,completo_dedup_4.json,MLP,16,4.635496046843022,0.2305070483129432
1026,completo_dedup_4.json,MLP,32,0.554778524798259,0.0719058243569318
1027,completo_dedup_4.json,MLP,64,0.2738293525501604,0.0586734624795107
1028,completo_dedup_4.json,SVR_gridsearch,8,2.553417421397083,0.11540728895552876
1029,completo_dedup_4.json,SVR_gridsearch,16,1.951307732776601,0.15950099694009345
1030,completo_dedup_4.json,SVR_gridsearch,32,2.0480204175542367,0.14787714426995321
1031,completo_dedup_4.json,SVR_gridsearch,64,0.48332190108265993,0.07200277284319757
1032,completo_dedup_4.json,SVR,8,0.7072817121633465,0.08812511814861859
1033,completo_dedup_4.json,SVR,16,1.1138958000296595,0.10381848189921494
1034,completo_dedup_4.json,SVR,32,0.26588760360718583,0.06488622658531039
1035,completo_dedup_4.json,SVR,64,0.2833443854828931,0.05408396136622875
1036,completo_dedup_4.json,Tree,8,1.1891218813008115,0.12719871738782745
1037,completo_dedup_4.json,Tree,16,2.3082269780388125,0.1266697870611684
1038,completo_dedup_4.json,Tree,32,0.35232485267912445,0.0592382903466865
1039,completo_dedup_4.json,Tree,64,0.15199409474846615,0.0307023549253208
1040,completo_dedup_4.json,KNN,8,2.837925714475962,0.17960400231298243
1041,completo_dedup_4.json,KNN,16,2.636781790120944,0.10868756558225101
1042,completo_dedup_4.json,KNN,32,0.8015081396008644,0.07775335013311258
1043,completo_dedup_4.json,KNN,64,0.6904513766871055,0.06687574415081016
1044,completo_ferret_1.json,Equation,8,0.29054069797011706,0.05144278940704657
1045,completo_ferret_1.json,Equation,16,0.12691007852544092,0.04910062139959032
1046,completo_ferret_1.json,Equation,32,0.11839043554974742,0.04979020028290728
1047,completo_ferret_1.json,Equation,64,0.09692309731740935,0.05287743521282882
1048,completo_ferret_1.json,MLP,8,45.58361532291666,0.5995259295567398
1049,completo_ferret_1.json,MLP,16,16.741151262059336,0.16826694059099007
1050,completo_ferret_1.json,MLP,32,7.2719426363598645,0.05743368842132517
1051,completo_ferret_1.json,MLP,64,0.1416460852790815,0.028524751302601316
1052,completo_ferret_1.json,SVR_gridsearch,8,69.09622938876095,0.24763279825242496
1053,completo_ferret_1.json,SVR_gridsearch,16,108.27195354774409,0.3216458432963144
1054,completo_ferret_1.json,SVR_gridsearch,32,27.000966246037375,0.14489207989837624
1055,completo_ferret_1.json,SVR_gridsearch,64,6.055622652638961,0.10739801500319611
1056,completo_ferret_1.json,SVR,8,106.0267169551815,0.31598965018202513
1057,completo_ferret_1.json,SVR,16,45.082669794020475,0.5508347066371868
1058,completo_ferret_1.json,SVR,32,4.078468196770608,0.1385560295983333
1059,completo_ferret_1.json,SVR,64,0.6574662720387483,0.04331076769268611
1060,completo_ferret_1.json,Tree,8,32.0415038647568,0.20992778329405923
1061,completo_ferret_1.json,Tree,16,15.309408419613717,0.23811398946691384
1062,completo_ferret_1.json,Tree,32,27.356148153691148,0.11385893384558246
1063,completo_ferret_1.json,Tree,64,0.7225172560703159,0.032632921156613974
1064,completo_ferret_1.json,KNN,8,62.22757653056531,0.38982364783281137
1065,completo_ferret_1.json,KNN,16,49.2675068792656,0.16870423877754825
1066,completo_ferret_1.json,KNN,32,18.071849817447386,0.16918904375889768
1067,completo_ferret_1.json,KNN,64,9.173699908070759,0.1120373732874591
1068,completo_ferret_2.json,Equation,8,40.06516267348199,0.23949462677465846
1069,completo_ferret_2.json,Equation,16,36.21435009991869,0.29787178482752114
1070,completo_ferret_2.json,Equation,32,30.659786072470652,0.2912242632477502
1071,completo_ferret_2.json,Equation,64,32.276798890614714,0.2775189760832105
1072,completo_ferret_2.json,MLP,8,83.76136519728381,0.48198027155862355
1073,completo_ferret_2.json,MLP,16,391.2197599654725,1.2337449610301583
1074,completo_ferret_2.json,MLP,32,60.200783926778605,0.43416384935464336
1075,completo_ferret_2.json,MLP,64,4.162367454823471,0.18416276291662836
1076,completo_ferret_2.json,SVR_gridsearch,8,139.51571477262135,0.3741728689592994
1077,completo_ferret_2.json,SVR_gridsearch,16,100.48154039082239,0.3410897074735119
1078,completo_ferret_2.json,SVR_gridsearch,32,52.836038450797396,0.46562646931819796
1079,completo_ferret_2.json,SVR_gridsearch,64,18.085552174843144,0.20955274938066787
1080,completo_ferret_2.json,SVR,8,189.2494355029297,0.5665150772017169
1081,completo_ferret_2.json,SVR,16,159.46270096079667,1.8260506784580892
1082,completo_ferret_2.json,SVR,32,56.8246174662376,0.5265733842326381
1083,completo_ferret_2.json,SVR,64,65.61674698342115,0.4157165083671131
1084,completo_ferret_2.json,Tree,8,102.57469444862686,0.5726887171586187
1085,completo_ferret_2.json,Tree,16,61.73610793078754,0.4239228194552805
1086,completo_ferret_2.json,Tree,32,113.26111176003381,0.24667795454205374
1087,completo_ferret_2.json,Tree,64,6.881847507838673,0.07252605367653267
1088,completo_ferret_2.json,KNN,8,112.5050922901051,0.6838585244563667
1089,completo_ferret_2.json,KNN,16,117.21483242090889,0.4105832021892486
1090,completo_ferret_2.json,KNN,32,57.781850774132344,0.4050225958133599
1091,completo_ferret_2.json,KNN,64,46.396809944905876,0.4869204046068692
1092,completo_ferret_3.json,Equation,8,0.20003173224235465,0.08809220402528645
1093,completo_ferret_3.json,Equation,16,0.12895128571119216,0.05637341129105824
1094,completo_ferret_3.json,Equation,32,0.13629868979649862,0.05715780308878574
1095,completo_ferret_3.json,Equation,64,0.1218092680834874,0.04587955346722695
1096,completo_ferret_3.json,Equation,128,0.12063214208909362,0.04457548638508662
1097,completo_ferret_3.json,MLP,8,57.162841959157674,0.1973457979582215
1098,completo_ferret_3.json,MLP,16,17.185700548534427,0.14891733802152354
1099,completo_ferret_3.json,MLP,32,2.7101874180782275,0.07391911268476038
1100,completo_ferret_3.json,MLP,64,1.7318251452165734,0.05037362738177892
1101,completo_ferret_3.json,MLP,128,0.034024848490860744,0.02319893415062464
1102,completo_ferret_3.json,SVR_gridsearch,8,111.14256868772904,0.27200185609136684
1103,completo_ferret_3.json,SVR_gridsearch,16,94.4511856184808,0.2764085102997732
1104,completo_ferret_3.json,SVR_gridsearch,32,20.52743490882785,0.14612441468131263
1105,completo_ferret_3.json,SVR_gridsearch,64,22.8637055282396,0.13939932529281096
1106,completo_ferret_3.json,SVR_gridsearch,128,4.15714425508929,0.048456423724481244
1107,completo_ferret_3.json,SVR,8,23.964301717679014,0.7794183780201323
1108,completo_ferret_3.json,SVR,16,40.48627327609816,0.25428963283730893
1109,completo_ferret_3.json,SVR,32,6.280806349528396,0.18372838229788802
1110,completo_ferret_3.json,SVR,64,0.49725586738531175,0.05259545185228352
1111,completo_ferret_3.json,SVR,128,0.03620418318851753,0.032504518649454694
1112,completo_ferret_3.json,Tree,8,96.36256790486097,0.23404349438771951
1113,completo_ferret_3.json,Tree,16,5.224978468541032,0.1204874789297526
1114,completo_ferret_3.json,Tree,32,19.546719288010546,0.11928421494150715
1115,completo_ferret_3.json,Tree,64,1.351265163611066,0.0666584199689164
1116,completo_ferret_3.json,Tree,128,0.20275913059634637,0.019624463089292433
1117,completo_ferret_3.json,KNN,8,73.04619687134273,0.45977680264403403
1118,completo_ferret_3.json,KNN,16,102.68424683590757,0.24670812935793265
1119,completo_ferret_3.json,KNN,32,41.206198295736904,0.1841269615883792
1120,completo_ferret_3.json,KNN,64,4.950663877252729,0.1187043842232975
1121,completo_ferret_3.json,KNN,128,2.9993749766911746,0.08006204560704742
1122,completo_ferret_4.json,Equation,8,8.803813326198636,0.0750907482356047
1123,completo_ferret_4.json,Equation,16,9.973230805547782,0.07202850433173952
1124,completo_ferret_4.json,Equation,32,4.4688397201669074,0.0894719020379306
1125,completo_ferret_4.json,Equation,64,6.648213303102039,0.07153322829997782
1126,completo_ferret_4.json,MLP,8,94.21094753812316,0.20617968506051712
1127,completo_ferret_4.json,MLP,16,106.10102730750266,0.2818294583539973
1128,completo_ferret_4.json,MLP,32,4.008619326517859,0.04771940924830549
1129,completo_ferret_4.json,MLP,64,13.154877131519292,0.054033453591107006
1130,completo_ferret_4.json,SVR_gridsearch,8,75.9693933879866,0.15400200045952736
1131,completo_ferret_4.json,SVR_gridsearch,16,62.074219224223356,0.19697228916671078
1132,completo_ferret_4.json,SVR_gridsearch,32,63.629790426475495,0.1324421123388617
1133,completo_ferret_4.json,SVR_gridsearch,64,10.510608554039703,0.08394019257050131
1134,completo_ferret_4.json,SVR,8,22.594816578083993,0.2960033626856974
1135,completo_ferret_4.json,SVR,16,34.46551723227316,0.2398930569074983
1136,completo_ferret_4.json,SVR,32,22.428286062023854,0.14156068372258046
1137,completo_ferret_4.json,SVR,64,3.6342798422326896,0.0639350177882363
1138,completo_ferret_4.json,Tree,8,82.08415388724424,0.31154242624285566
1139,completo_ferret_4.json,Tree,16,56.60043310580898,0.0916017809480453
1140,completo_ferret_4.json,Tree,32,4.069691411090113,0.03863980489200914
1141,completo_ferret_4.json,Tree,64,3.64173225485268,0.03547328062066942
1142,completo_ferret_4.json,KNN,8,72.93561210781043,0.11684117250116463
1143,completo_ferret_4.json,KNN,16,77.52619248728931,0.10943061655313627
1144,completo_ferret_4.json,KNN,32,25.832121169409,0.08590591140811064
1145,completo_ferret_4.json,KNN,64,23.564283415055854,0.09229602254491974
1146,completo_fluid_1.json,Equation,8,460.2216176765933,35.63001139808
1147,completo_fluid_1.json,Equation,16,243.9450309963978,18.175652098282896
1148,completo_fluid_1.json,Equation,32,196.9553709306646,6.9968510581975
1149,completo_fluid_1.json,Equation,64,214.8117367369507,6.127187271218061
1150,completo_fluid_1.json,Equation,128,187.06920392061815,6.3240935347658
1151,completo_fluid_1.json,MLP,8,2770.1408689598816,12.46102692435472
1152,completo_fluid_1.json,MLP,16,2569.8611066394574,14.915382193644527
1153,completo_fluid_1.json,MLP,32,536.2743601303503,5.916322084496162
1154,completo_fluid_1.json,MLP,64,321.794524604561,6.102998446080563
1155,completo_fluid_1.json,MLP,128,5.586675363658667,0.26299705703505377
1156,completo_fluid_1.json,SVR_gridsearch,8,4471.580543371972,0.46761356030004925
1157,completo_fluid_1.json,SVR_gridsearch,16,4409.601104013335,0.7713100377180234
1158,completo_fluid_1.json,SVR_gridsearch,32,1598.6603244098715,10.105127805263011
1159,completo_fluid_1.json,SVR_gridsearch,64,703.525875147029,8.758124000248413
1160,completo_fluid_1.json,SVR_gridsearch,128,376.7004159218008,5.0992534977467745
1161,completo_fluid_1.json,SVR,8,894.855612338962,26.898165740032287
1162,completo_fluid_1.json,SVR,16,1353.783128394521,14.131474318139952
1163,completo_fluid_1.json,SVR,32,222.1126789055373,4.462656118755677
1164,completo_fluid_1.json,SVR,64,36.76558397672561,0.4657760914604681
1165,completo_fluid_1.json,SVR,128,8.89540307236639,0.15280173303580183
1166,completo_fluid_1.json,Tree,8,3554.7037403839554,24.204395110455714
1167,completo_fluid_1.json,Tree,16,406.98865302019135,9.389369228163407
1168,completo_fluid_1.json,Tree,32,713.5943351745636,0.4379573648687768
1169,completo_fluid_1.json,Tree,64,165.70946989995636,2.916873297045901
1170,completo_fluid_1.json,Tree,128,22.82919205788421,0.017796417452198874
1171,completo_fluid_1.json,KNN,8,3170.2967709563354,13.378395501044414
1172,completo_fluid_1.json,KNN,16,3668.792460217675,10.898826529078928
1173,completo_fluid_1.json,KNN,32,1432.374200378618,10.026672430410745
1174,completo_fluid_1.json,KNN,64,301.48113222784264,6.5732023953404415
1175,completo_fluid_1.json,KNN,128,113.36207637552182,0.05438870827212771
